"","Otu001 Enterobacteriaceae","Otu002 Enterococcaceae","Otu003 Porphyromonadaceae","Otu004 Desulfovibrionaceae","Otu005 Akkermansiaceae","Otu006 Bacteroidaceae","Otu007 Porphyromonadaceae","Otu008 Acidaminococcaceae","Otu009 Bacteroidaceae","Otu010 Acidaminococcaceae","Otu011 Sutterellaceae","Otu012 Bacteroidaceae","Otu013 Rikenellaceae","Otu014 Bacteroidaceae","Otu015 Bacteroidaceae","Otu016 Lachnospiraceae","Otu017 Sutterellaceae","Otu018 Bacteroidaceae","Otu019 Porphyromonadaceae","Otu020 Bacteroidaceae","Otu021 Lachnospiraceae","Otu022 Lachnospiraceae","Otu023 Lachnospiraceae","Otu024 Sutterellaceae","Otu025 Lachnospiraceae","Otu026 Odoribacteraceae","Otu027 Sutterellaceae","Otu028 Bacteroidaceae","Otu029 Erysipelotrichaceae","Otu030 Lachnospiraceae","Otu031 Bacillales","Otu032 Lachnospiraceae","Otu033 Erysipelotrichaceae","Otu034 Rikenellaceae","Otu035 Lachnospiraceae","Otu036 Ruminococcaceae","Otu037 Lachnospiraceae","Otu038 Paenibacillaceae_1","Otu039 Clostridiaceae","Otu040 Odoribacteraceae","Otu041 Odoribacteraceae","Otu042 Staphylococcaceae","Otu043 Firmicutes","Otu044 Enterobacteriaceae","Otu045 Rikenellaceae","Otu046 Bacillaceae_1","Otu047 Odoribacteraceae","Otu048 Lachnospiraceae","Otu049 Desulfovibrionaceae","Otu050 Lachnospiraceae","Otu051 Erysipelotrichaceae","Otu052 Erysipelatoclostridiaceae","Otu053 Listeriaceae","Otu054 Ruminococcaceae","Otu055 Lachnospiraceae","Otu056 Bacteroidaceae","Otu057 Ruminococcaceae","Otu058 Clostridiaceae","Otu059 Lactobacillaceae","Otu060 Eubacteriaceae","Otu061 Lachnospiraceae","Otu062 Firmicutes","Otu063 Ruminococcaceae","Otu064 Lachnospiraceae","Otu065 Paenibacillaceae_1","Otu066 Lachnospiraceae","Otu067 Lachnospiraceae","Otu068 Lachnospiraceae","Otu069 Pseudomonadaceae","Otu070 Lachnospiraceae","Otu071 Odoribacteraceae","Otu072 Ruminococcaceae","Otu073 Ruminococcaceae","Otu074 Prevotellaceae","Otu075 Lachnospiraceae","Otu076 Paenibacillaceae_1","Otu077 Erysipelotrichaceae","Otu078 Bacillaceae_1","Otu079 Ruminococcaceae","Otu080 Lachnospiraceae","Otu081 Sutterellaceae","Otu082 Lachnospiraceae","Otu083 Ruminococcaceae","Otu084 Lachnospiraceae","Otu085 Lachnospiraceae","Otu086 Lachnospiraceae","Otu087 Lachnospiraceae","Otu088 Lachnospiraceae","Otu089 Clostridiaceae","Otu090 Ruminococcaceae","Otu091 Lachnospiraceae","Otu092 Bacteria","Otu093 Erysipelotrichaceae","Otu094 Bacteroidaceae","Otu095 Ruminococcaceae","Otu096 Rikenellaceae","Otu097 Ruminococcaceae","Otu098 Ruminococcaceae","Otu099 Bacillaceae_2","Otu100 Ruminococcaceae","Otu101 Lachnospiraceae","Otu102 Clostridiaceae","Otu103 Paenibacillaceae_1","Otu104 Lachnospiraceae","Otu105 Eggerthellaceae","Otu106 Ruminococcaceae","Otu107 Lachnospiraceae","Otu108 Lachnospiraceae","Otu109 Ruminococcaceae","Otu110 Lachnospiraceae","Otu111 Lachnospiraceae","Otu112 Lachnospiraceae","Otu113 Erysipelotrichaceae","Otu114 Clostridiaceae","Otu115 Clostridiaceae","Otu116 Odoribacteraceae","Otu117 Bacillales","Otu118 Ruminococcaceae","Otu119 Ruminococcaceae","Otu120 Lachnospiraceae","Otu121 Erysipelotrichaceae","Otu122 Clostridiaceae","Otu123 Erysipelotrichaceae","Otu124 Barnesiellaceae","Otu125 Lachnospiraceae","Otu126 Paenibacillaceae_1","Otu127 Lachnospiraceae","Otu128 Bacteroidaceae","Otu129 Paenibacillaceae_1","Otu130 Lachnospiraceae","Otu131 Lachnospiraceae","Otu132 Barnesiellaceae","Otu133 Prevotellaceae","Otu134 Ruminococcaceae","Otu135 Lachnospiraceae","Otu136 Peptostreptococcaceae","Otu137 Paenibacillaceae_1","Otu138 Ruminococcaceae","Otu139 Ruminococcaceae","Otu140 Ruminococcaceae","Otu141 Clostridiaceae","Otu142 Muribaculaceae","Otu143 Ruminococcaceae","Otu144 Eggerthellaceae","Otu145 Clostridiaceae","Otu146 Lachnospiraceae","Otu147 Lachnospiraceae","Otu148 Clostridiaceae","Otu149 Coriobacteriaceae","Otu150 Lachnospiraceae","Otu151 Ruminococcaceae","Otu152 Lachnospiraceae","Otu153 Bacteroidaceae","Otu154 Lachnospiraceae","Otu155 Ruminococcaceae","Otu156 Ruminococcaceae","Otu157 Bacteria","Otu158 Lachnospiraceae","Otu159 Lachnospiraceae","Otu160 Lachnospiraceae","Otu161 Ruminococcaceae","Otu162 Akkermansiaceae","Otu163 Ruminococcaceae","Otu164 Clostridiaceae","Otu165 Lachnospiraceae","Otu166 Rikenellaceae","Otu167 Ruminococcaceae","Otu168 Paenibacillaceae_1","Otu169 Ruminococcaceae","Otu170 Ruminococcaceae","Otu171 Lachnospiraceae","Otu172 Lachnospiraceae","Otu173 Eubacteriaceae","Otu175 Enterobacteriaceae","Otu176 Micrococcaceae","Otu177 Bacteroidaceae","Otu178 Lachnospiraceae","Otu179 Lachnospiraceae","Otu180 Lachnospiraceae","Otu181 Bacteroidaceae","Otu182 Clostridiaceae","Otu183 Lachnospiraceae","Otu185 Lachnospiraceae","Otu187 Ruminococcaceae","Otu188 Victivallaceae","Otu189 Lachnospiraceae","Otu190 Ruminococcaceae","Otu191 Oxalobacteraceae","Otu192 Ruminococcaceae","Otu193 Lachnospiraceae","Otu194 Firmicutes","Otu195 Ruminococcaceae","Otu197 Bacteroidaceae","Otu198 Bacteroidaceae","Otu200 Clostridiaceae","Otu201 Erysipelotrichaceae","Otu203 Ruminococcaceae","Otu204 Eggerthellaceae","Otu206 Firmicutes","Otu207 Ruminococcaceae","Otu209 Erysipelotrichaceae","Otu210 Bacteroidaceae","Otu211 Lachnospiraceae","Otu216 Ruminococcaceae","Otu218 Lachnospiraceae","Otu221 Bacteroidaceae","Otu222 Erysipelotrichaceae","Otu223 Erysipelotrichaceae","Otu224 Lachnospiraceae","Otu227 Ruminococcaceae","Otu229 Bacteroidaceae","Otu237 Bacteroidaceae","Otu240 Lachnospiraceae","Otu241 Ruminococcaceae","Otu243 Lachnospiraceae","Otu251 Bacteroidales","Otu273 Lachnospiraceae","Otu276 Ruminococcaceae"
"A_1L_B2",0,5,0,60,0,125,44,0,89,0,0,49,0,6,1,0,0,0,9,39,0,37,40,3,5,57,21,73,0,12,0,6,12,22,0,1,10,0,0,2,3,0,27,0,6,0,0,0,0,0,0,5,0,0,18,19,9,0,0,5,0,0,2,0,0,0,20,0,0,2,16,0,18,0,29,0,2,0,1,1,0,0,0,15,0,1,0,0,4,0,0,0,2,0,0,2,1,0,0,5,6,0,0,0,2,0,0,1,0,0,0,0,0,1,0,0,0,0,0,2,2,0,0,0,0,0,0,3,0,0,3,6,0,0,2,0,0,0,1,0,1,0,0,0,0,0,0,2,0,0,3,0,0,0,0,0,0,0,0,0,0,0,0,0,0,0,0,0,0,0,0,0,0,0,0,0,0,0,0,0,0,0,0,0,0,0,0,0,0,0,0,2,0,0,1,0,0,0,1,0,0,0,0,0,0,0,0,0,0,0,1,0,0,0,0,0,0,0
"A_1R_B2",0,11,0,63,0,226,21,0,131,0,0,64,0,10,4,0,0,6,26,4,0,66,35,0,12,3,23,15,0,11,0,19,3,32,0,1,8,0,0,3,8,0,23,0,3,0,0,0,0,0,0,4,0,0,24,16,8,0,0,1,1,0,23,1,0,0,11,0,0,0,13,1,5,0,6,0,6,0,0,0,0,0,1,5,0,1,0,0,0,0,0,0,0,1,1,3,2,0,0,0,2,0,0,0,1,0,0,0,0,0,0,0,0,1,0,0,0,0,0,1,1,0,0,0,0,0,3,2,0,0,1,0,0,0,0,0,0,0,0,0,0,1,0,2,0,0,0,4,0,0,1,0,1,0,0,0,0,0,0,0,0,0,0,0,0,0,0,0,0,0,1,0,0,0,0,0,0,0,0,0,0,0,0,0,0,0,0,0,1,0,0,0,0,0,0,0,0,0,0,0,0,0,0,0,1,0,5,0,0,0,0,0,0,0,0,0,0,0
"A_NP_B2",0,11,0,60,0,230,7,0,108,1,0,53,0,4,1,0,0,9,15,4,0,29,33,0,3,6,21,36,0,5,0,15,2,51,0,0,7,0,0,5,3,0,50,0,7,0,0,0,0,0,0,1,0,0,31,25,4,0,0,5,0,0,33,0,0,0,8,0,0,0,19,0,7,0,11,0,1,0,3,0,0,0,1,1,0,1,0,0,1,0,4,0,4,0,0,9,2,0,0,3,2,0,0,0,0,1,0,0,0,0,0,0,0,0,0,0,0,0,1,2,0,0,0,0,0,0,2,0,0,0,4,0,0,0,1,0,0,0,1,0,0,1,0,1,0,3,0,0,0,0,6,0,1,0,0,0,0,0,0,0,0,0,0,0,0,0,0,0,0,0,0,0,0,0,0,0,0,0,0,2,2,0,0,0,0,0,0,0,1,0,0,1,0,1,0,0,0,0,0,0,0,1,0,0,1,0,0,0,0,0,0,0,0,0,0,0,0,0
"B_1L_B2",0,22,0,65,327,37,69,0,18,10,0,80,1,13,1,0,0,2,10,62,0,11,50,0,5,0,0,41,0,15,0,1,6,16,21,11,9,0,0,0,5,0,9,0,2,0,0,0,0,0,0,7,0,0,0,8,3,0,0,11,11,0,0,1,0,0,0,0,0,0,0,1,2,0,0,0,3,0,4,2,3,0,0,0,0,0,0,0,1,0,0,0,1,0,0,3,0,0,0,0,1,0,0,0,0,0,0,1,0,0,0,0,0,0,0,0,0,0,0,0,0,0,0,0,0,0,0,2,0,0,0,0,0,1,0,0,0,1,0,0,0,0,0,0,0,0,0,5,0,0,0,0,0,0,0,0,0,0,0,0,0,0,0,0,1,0,0,0,1,0,0,0,0,0,0,0,0,0,0,0,0,0,0,0,0,0,0,0,0,0,0,0,2,0,0,0,0,0,0,0,0,0,0,0,0,0,0,0,0,0,0,0,0,0,0,0,0,0
"B_1R_B2",0,20,0,69,335,33,55,0,20,9,0,90,3,17,0,0,0,2,12,69,0,7,23,1,3,0,13,38,0,8,0,5,7,19,13,25,3,0,0,0,7,0,4,0,4,0,0,0,0,0,0,1,0,0,0,8,3,0,0,7,10,0,0,6,0,0,0,0,0,0,3,0,1,0,0,0,0,0,7,7,3,0,0,0,0,0,0,1,0,0,0,0,0,0,0,3,2,0,0,0,1,0,0,0,0,0,0,2,0,0,0,0,0,0,0,0,0,0,1,0,0,0,0,2,0,0,0,1,0,0,1,0,0,0,0,0,0,0,0,0,0,0,4,1,0,0,0,1,0,0,0,0,0,0,1,0,0,0,0,0,0,1,0,0,0,1,0,0,0,0,0,0,0,0,0,0,0,0,0,0,0,0,0,0,0,0,0,0,0,0,0,0,1,0,0,0,0,0,0,0,0,0,0,0,0,0,0,1,0,0,0,0,0,0,0,0,0,0
"B_NP_B2",0,11,0,55,312,46,87,0,10,13,0,87,1,18,5,0,0,5,9,48,0,27,31,5,7,0,0,60,0,12,0,3,11,15,12,0,2,0,0,0,3,0,6,0,1,0,0,0,0,0,0,1,0,0,0,14,6,0,0,5,12,0,1,14,0,0,0,0,0,0,0,2,0,0,0,0,4,0,1,3,6,0,4,0,0,0,0,0,0,0,0,0,0,0,0,6,2,0,0,0,0,0,0,0,0,0,0,0,0,0,0,0,0,0,0,0,0,0,0,0,0,0,0,0,0,0,0,2,0,0,1,1,0,2,0,0,0,0,0,0,1,0,0,0,0,0,0,0,0,0,0,0,0,0,0,0,0,0,0,0,0,1,0,0,0,0,0,0,0,0,0,0,0,0,0,0,0,0,0,0,0,0,0,0,0,0,0,0,0,0,0,0,0,0,0,0,0,0,0,0,0,0,0,0,0,3,0,0,0,0,0,0,0,0,0,0,0,0
"C_1L_B2",0,0,0,71,312,19,57,0,6,0,0,90,22,6,0,0,0,2,21,61,0,25,21,14,1,0,0,43,0,20,0,0,10,19,13,24,10,0,0,1,4,0,35,0,0,0,0,0,0,0,0,5,0,0,0,11,2,0,0,3,2,0,0,0,0,0,0,0,0,0,5,3,0,0,0,0,2,0,2,0,1,0,6,0,0,0,0,0,1,0,0,0,0,0,0,0,4,0,0,0,3,0,0,0,0,0,0,1,0,0,0,0,0,0,0,0,0,0,0,0,0,0,0,2,0,0,0,0,0,0,1,0,0,1,0,0,0,0,8,0,1,0,13,2,0,0,0,1,0,0,1,0,0,0,0,0,0,0,0,0,0,0,0,0,1,0,0,0,0,0,0,0,0,0,0,0,0,0,0,0,0,0,0,1,0,0,0,0,0,0,0,1,1,0,0,0,0,0,0,0,0,0,0,0,0,1,0,0,0,0,0,0,0,0,3,0,0,0
"C_1R_B2",0,0,0,51,287,83,35,0,31,14,0,26,31,5,1,0,0,8,10,64,0,64,23,0,4,0,0,61,0,15,0,2,9,19,7,0,2,0,0,3,4,0,12,0,0,0,0,0,0,0,0,3,0,0,0,4,7,0,0,3,2,0,0,0,0,0,0,0,0,0,7,18,0,0,0,0,4,0,0,3,9,0,0,1,0,0,0,0,1,0,0,0,0,1,0,0,1,0,0,0,6,0,0,0,0,0,0,1,0,0,0,0,0,0,0,0,0,0,1,0,0,0,0,2,0,0,0,3,0,0,1,1,0,3,0,18,0,2,0,0,0,0,1,2,0,0,6,1,0,0,2,0,0,0,0,0,0,0,0,0,0,1,0,0,1,0,0,0,0,0,0,0,0,0,0,0,0,0,0,1,0,0,0,1,0,0,0,0,0,0,0,0,0,0,0,0,0,0,0,0,0,0,0,0,0,0,0,0,0,0,0,0,0,0,1,0,0,0
"C_NP_B2",0,0,0,38,320,15,41,0,3,14,0,62,8,9,0,0,0,10,10,67,0,58,27,8,7,0,6,34,1,16,0,9,8,14,19,20,12,0,0,0,3,0,39,0,0,0,0,0,0,0,0,1,0,0,0,6,6,0,0,6,11,0,2,0,0,0,0,0,0,0,4,6,0,0,0,0,0,0,1,2,0,0,1,3,0,0,1,1,0,0,0,0,0,4,0,1,1,0,0,0,11,0,0,0,0,0,0,1,0,2,0,0,0,4,0,0,0,0,1,0,0,0,0,0,0,0,0,0,0,0,2,0,0,2,0,2,0,0,0,0,1,0,20,1,0,0,1,1,0,0,4,0,0,0,0,0,0,0,0,0,0,0,0,0,1,0,0,0,0,0,0,0,0,0,0,0,0,0,0,0,0,0,0,3,0,0,0,0,0,0,0,1,1,0,0,0,0,0,0,0,0,0,0,0,0,0,0,0,0,0,0,0,0,0,0,0,0,0
"D_1L_B2",0,0,1,38,328,51,61,0,12,104,0,100,1,4,0,0,0,2,9,52,0,15,60,10,3,0,1,42,0,0,0,0,21,12,4,4,0,0,0,0,9,0,6,0,1,0,0,0,0,0,0,1,0,0,0,6,0,0,0,5,0,0,0,0,0,0,0,1,0,0,1,6,6,0,0,0,0,0,0,0,1,0,0,0,0,0,3,0,0,0,0,0,1,0,0,9,0,0,0,0,0,0,0,0,0,0,0,1,0,0,0,0,0,0,0,0,0,0,0,0,0,0,0,0,0,0,0,0,0,0,0,0,0,0,0,0,0,0,0,0,0,0,0,0,0,0,0,0,0,0,0,0,0,0,0,0,0,0,0,0,0,0,0,1,2,0,0,0,0,1,0,0,0,0,0,0,0,0,0,0,0,0,0,0,0,0,0,0,0,0,1,0,0,0,0,0,0,0,0,0,0,0,0,0,0,0,0,0,0,0,0,0,0,0,0,0,0,0
"D_1R_B2",0,22,0,23,339,22,28,0,2,82,0,33,3,0,0,0,0,1,6,55,0,16,62,4,11,0,0,24,0,0,0,0,25,4,34,39,12,0,0,0,3,0,50,0,1,0,0,0,0,0,0,0,0,0,0,5,11,0,0,17,0,0,0,0,0,0,0,0,0,0,1,8,8,0,0,0,0,0,4,4,0,0,2,0,0,0,2,4,0,0,0,0,2,0,0,5,0,0,0,2,0,0,0,0,0,0,0,3,0,0,0,0,0,0,0,0,0,0,0,0,0,0,0,0,0,0,0,2,0,0,0,0,0,1,0,0,0,1,0,0,1,0,0,4,0,0,0,0,0,0,0,0,0,0,1,0,0,0,0,0,0,1,0,0,2,0,0,0,0,0,0,0,0,0,0,2,0,0,0,0,0,0,0,0,0,0,0,0,0,0,0,0,1,0,0,0,0,0,0,0,0,0,0,0,0,0,0,0,0,0,0,0,0,0,0,0,0,0
"D_NP_B2",0,85,0,50,310,56,50,0,19,76,0,61,0,4,0,0,0,2,4,29,0,18,21,1,3,0,3,60,0,0,0,0,17,15,14,19,4,0,0,0,1,0,25,0,0,0,0,0,0,0,0,4,0,0,0,6,6,0,0,10,0,0,0,0,0,0,0,0,0,0,4,0,1,0,0,0,0,0,0,1,0,0,1,0,0,0,1,1,0,0,0,0,2,0,0,1,0,0,0,1,0,0,0,0,0,0,1,2,0,0,0,0,0,0,0,0,0,0,1,0,0,0,0,0,0,0,0,2,0,0,0,3,0,0,0,0,0,2,0,0,0,0,0,0,0,0,0,0,0,0,0,0,0,0,0,0,0,0,0,0,0,1,0,1,0,0,0,0,0,0,0,0,0,0,0,0,0,0,0,0,0,0,0,0,0,0,0,0,0,0,0,0,0,0,0,0,0,0,0,0,0,0,0,0,0,0,0,0,0,0,0,0,0,0,0,0,0,0
"E_1L_B2",0,436,0,10,154,35,30,0,9,3,0,12,1,1,0,0,0,4,7,24,0,43,57,0,0,0,0,36,0,0,0,17,6,4,30,15,2,0,0,0,1,0,0,0,0,0,0,0,0,0,0,0,0,0,0,2,10,0,0,7,4,0,0,0,0,0,0,0,0,0,0,6,2,0,0,0,0,0,0,0,0,0,5,1,0,0,0,1,1,0,0,0,2,0,0,0,0,0,0,1,0,0,0,0,0,1,1,5,0,0,0,0,0,0,0,0,0,0,5,0,0,0,0,0,0,0,0,0,0,0,0,0,0,0,0,0,0,0,0,0,2,0,0,1,0,0,0,0,0,0,0,0,0,0,1,0,0,0,0,0,0,0,0,0,2,0,0,0,1,0,0,0,0,0,0,0,0,0,0,0,0,0,0,0,0,0,0,0,0,1,0,0,0,0,0,0,0,0,0,0,0,0,0,0,0,0,0,0,0,0,0,0,0,0,0,0,0,0
"E_1R_B2",0,73,0,26,297,21,24,0,6,54,0,46,0,5,1,0,0,2,6,24,0,41,51,1,0,0,0,45,0,0,0,31,8,10,44,34,6,0,0,0,1,0,0,0,0,0,0,0,0,0,0,0,0,0,0,3,9,0,0,14,20,0,1,0,0,0,0,0,0,0,0,20,0,0,0,0,0,0,0,6,0,0,12,8,0,0,0,2,3,0,0,0,8,0,0,0,1,0,0,5,0,0,0,0,0,0,0,1,0,0,0,0,0,0,0,0,0,0,10,0,0,0,0,0,0,0,0,0,0,0,0,0,0,1,0,0,0,5,0,0,2,0,0,2,0,0,0,0,0,0,0,0,0,0,0,0,0,0,0,0,0,0,0,0,0,0,0,0,0,0,0,0,0,0,0,0,0,0,0,0,0,0,0,0,0,0,0,0,0,0,1,0,1,0,0,0,0,0,0,0,0,0,0,0,0,0,0,0,0,0,0,0,0,0,0,0,0,0
"E_2R_B2",0,304,0,13,202,80,18,0,14,17,0,51,0,0,0,0,0,2,3,9,0,28,57,3,0,0,0,33,0,0,0,22,7,1,32,13,11,0,0,0,2,0,0,0,2,0,0,0,0,0,0,0,0,0,0,2,6,0,0,8,13,0,5,0,0,0,0,0,0,0,0,3,2,0,0,0,0,0,0,0,0,0,5,2,0,0,0,3,1,0,0,0,0,0,0,0,0,0,0,2,0,0,0,0,0,3,0,5,0,0,0,0,0,0,0,0,0,0,7,0,0,0,0,1,0,0,0,0,0,0,0,0,0,0,0,0,0,0,0,0,1,0,0,0,0,0,0,0,0,0,0,0,0,0,0,0,0,0,0,0,0,1,0,0,1,0,0,0,0,0,0,0,0,0,0,0,0,0,0,0,0,0,0,1,0,0,0,0,0,0,1,0,0,0,0,0,0,0,0,0,0,0,0,0,0,0,0,0,0,0,0,0,0,0,0,0,0,0
"E_NP_B2",0,180,0,32,327,144,15,0,13,4,0,38,0,6,0,0,0,1,5,5,0,34,18,6,0,0,0,32,0,0,0,21,2,15,14,6,0,0,0,0,2,0,0,0,1,0,0,0,0,0,0,0,0,0,0,4,3,0,0,5,16,0,8,0,0,0,0,0,0,0,1,3,0,0,0,0,0,0,0,0,0,0,3,1,0,0,0,0,0,0,0,0,2,0,0,0,1,0,0,5,0,0,0,0,0,4,0,4,0,0,0,0,0,0,0,0,0,0,8,0,0,0,0,0,0,0,0,0,0,0,0,0,0,2,0,0,0,1,0,0,1,0,0,0,0,0,0,0,0,0,0,0,0,0,0,0,0,0,0,0,0,0,0,0,1,0,0,0,0,0,0,0,1,0,0,0,0,0,0,1,0,0,0,0,0,0,0,0,0,0,0,0,0,0,0,0,0,0,0,0,0,0,0,0,0,0,0,0,0,0,0,0,0,0,0,0,0,0
"F_1L_B2",5,102,198,54,0,57,23,25,81,0,7,0,1,10,4,28,0,44,6,0,38,35,0,2,11,0,0,0,71,8,0,13,3,0,12,5,5,0,40,4,0,0,0,0,0,0,8,4,4,2,0,0,0,0,0,0,1,0,0,0,2,14,0,0,0,0,0,0,0,3,0,0,7,1,0,0,2,0,1,1,0,7,4,0,3,0,0,0,0,0,0,0,0,6,0,0,0,0,0,2,0,0,0,1,3,2,0,0,0,0,1,7,1,0,1,3,0,0,0,0,0,0,1,0,0,0,0,0,0,0,0,0,0,0,0,0,0,0,0,0,0,0,0,0,1,0,0,0,0,0,0,0,1,0,0,0,0,0,0,0,0,0,2,0,0,0,0,0,1,0,0,1,0,0,0,0,0,0,0,0,0,0,0,0,0,0,0,0,0,0,0,0,0,0,0,0,0,0,0,0,0,0,0,0,0,0,0,0,0,0,0,0,0,0,0,0,0,0
"F_1R_B2",3,151,170,40,0,33,12,30,15,0,2,0,5,1,35,62,0,51,10,0,38,45,0,2,10,0,0,0,100,11,0,14,3,0,6,15,3,0,22,1,0,0,0,0,0,0,4,2,7,1,0,4,0,0,0,0,4,0,0,0,0,6,0,0,0,0,1,0,0,4,0,0,10,1,0,0,1,0,7,0,0,8,1,0,2,0,0,0,4,0,0,0,0,2,0,0,2,0,0,2,0,8,0,0,3,2,0,2,0,1,2,0,0,0,0,1,0,0,0,0,0,1,1,0,0,0,0,0,0,0,0,0,0,0,0,0,0,0,0,0,0,0,0,0,1,0,0,0,1,0,0,0,0,0,0,0,1,0,0,0,0,0,0,0,0,0,0,0,0,0,0,2,0,0,0,1,0,0,0,0,0,0,0,0,0,0,0,0,0,0,0,0,0,0,0,0,1,0,1,0,0,0,0,0,0,0,0,0,0,0,0,0,0,0,0,0,0,0
"F_NP_B2",34,39,171,65,0,83,31,13,114,0,21,0,0,1,31,38,0,9,9,0,29,26,0,3,13,0,0,0,99,12,0,8,4,0,4,42,2,0,6,2,0,0,0,0,0,0,11,2,2,0,0,0,0,0,3,0,2,0,0,0,2,5,0,0,0,0,0,0,0,9,0,0,2,2,0,0,2,0,6,0,0,8,2,0,3,0,0,0,2,0,0,0,0,1,0,1,0,0,0,1,0,0,0,0,2,0,0,0,0,0,3,0,0,0,1,2,0,0,0,0,0,5,2,0,0,0,0,0,0,0,0,0,0,0,1,0,0,0,0,0,0,0,0,0,0,0,0,0,0,0,0,0,2,0,1,0,0,0,0,0,0,0,1,0,0,0,0,0,0,0,0,1,0,0,0,0,0,0,0,0,0,0,0,0,0,0,0,0,0,0,0,0,0,0,0,0,0,0,0,0,0,0,0,0,0,0,0,0,0,0,0,0,0,0,0,0,0,0
"G_1EA_B2",0,10,138,67,0,72,31,76,79,0,8,0,2,1,24,56,0,39,0,0,61,29,0,10,11,0,0,0,29,34,0,14,2,0,9,34,8,0,5,4,0,0,0,0,0,0,3,4,6,4,0,3,0,0,2,0,4,0,0,0,4,7,0,0,0,1,1,0,0,0,1,3,0,2,0,0,7,0,11,0,0,8,1,0,6,0,0,0,0,17,0,0,0,3,0,0,4,0,0,2,0,3,0,0,0,1,0,4,0,0,0,0,1,0,5,3,0,0,0,0,0,0,1,0,0,0,0,0,0,0,0,0,0,0,2,0,0,0,0,0,0,0,0,0,0,0,0,0,0,0,0,0,0,0,1,0,1,0,0,0,0,0,1,0,2,0,0,0,1,0,0,0,0,0,0,3,0,0,0,0,0,0,0,0,0,0,0,0,0,0,0,0,0,0,0,0,1,0,0,0,0,0,0,0,0,0,0,0,0,0,0,0,0,0,0,0,0,0
"G_1L_B2",0,16,202,63,0,39,22,66,122,0,2,0,1,0,31,41,0,25,4,0,70,18,0,6,19,0,0,0,27,32,0,11,5,0,11,21,10,0,6,4,0,0,0,0,0,0,4,4,6,1,0,0,0,0,3,0,11,0,0,0,6,11,0,0,0,0,0,0,0,0,0,0,3,3,0,0,7,0,0,0,0,10,1,0,0,0,0,0,0,12,0,0,0,3,0,0,1,0,0,7,0,8,0,0,0,0,0,2,0,0,1,0,2,0,4,3,0,0,0,0,0,0,0,0,0,0,0,0,0,0,0,0,0,1,0,0,0,0,0,0,0,0,0,0,0,0,0,0,0,0,0,0,0,0,0,0,1,0,0,0,1,0,1,0,0,0,2,0,0,0,0,0,1,0,0,0,0,0,0,0,0,0,0,0,0,0,0,0,0,0,0,0,0,0,0,0,0,0,0,0,0,0,0,0,0,0,0,0,0,0,0,0,0,0,0,0,0,0
"G_1R_B2",1,15,214,50,0,41,28,58,139,0,0,0,3,2,29,35,0,47,4,0,67,18,0,1,13,0,0,0,2,25,0,23,5,0,13,37,2,0,0,4,0,0,0,0,0,0,8,0,0,6,0,0,0,0,0,0,10,0,0,0,7,0,0,0,0,0,0,0,0,0,3,0,0,2,0,0,6,0,7,0,0,14,3,0,0,0,0,0,2,10,0,0,0,7,0,0,1,0,0,4,0,5,0,0,0,2,0,2,0,1,1,0,2,0,0,1,0,0,0,0,0,0,0,0,0,0,0,0,0,0,0,0,0,0,0,0,0,1,0,0,0,0,0,0,0,0,0,0,0,0,0,0,0,0,0,0,0,0,0,0,0,0,1,0,0,0,0,0,0,0,0,0,2,0,0,0,0,0,0,0,0,0,0,0,0,0,0,0,2,0,0,0,0,1,0,0,0,0,0,0,0,0,0,0,0,0,0,0,0,0,0,0,0,0,0,0,0,0
"G_NP_B2",0,39,139,44,0,80,27,54,125,0,2,0,4,2,45,64,0,30,2,0,57,10,0,8,17,0,0,0,4,12,0,18,7,0,9,55,4,0,9,4,0,0,0,0,0,0,8,2,6,18,0,0,0,0,0,0,10,0,0,0,2,5,0,0,0,0,0,0,0,0,1,2,2,1,0,0,4,0,0,1,0,15,6,0,0,0,0,0,0,6,0,0,0,4,0,1,2,0,0,0,0,7,0,0,1,0,0,2,0,1,1,0,1,0,5,0,0,0,0,0,0,0,0,0,0,0,0,0,0,0,0,0,0,3,0,0,0,0,0,0,0,0,0,0,0,0,0,0,0,0,0,1,0,0,0,0,0,0,0,0,0,0,0,0,0,0,0,0,0,0,0,0,0,0,0,0,0,0,0,2,0,0,0,0,0,0,0,0,0,0,0,0,0,0,0,0,0,0,0,0,0,0,0,0,0,0,0,0,0,0,0,0,0,0,0,0,0,0
"H_1EA_B2",3,156,127,59,0,17,12,16,150,0,3,0,4,11,32,50,0,6,4,0,44,14,0,4,3,0,0,0,31,6,0,1,0,0,10,17,8,0,41,11,0,0,0,0,0,0,10,2,10,0,5,2,0,33,1,0,3,0,0,0,0,18,0,0,0,1,0,0,0,1,1,1,1,0,0,0,4,0,3,0,0,2,2,0,0,0,0,0,0,7,9,0,0,2,0,1,1,0,0,3,0,9,0,2,0,3,0,3,0,0,1,2,0,0,0,1,0,0,0,0,0,0,1,0,0,0,0,0,0,0,0,0,0,0,0,0,0,0,0,0,0,0,0,0,1,0,0,0,0,0,0,0,2,0,0,0,0,0,0,0,0,0,0,0,1,0,0,0,0,0,0,0,0,0,0,0,0,0,0,0,0,0,0,0,0,0,0,0,1,0,0,0,0,0,0,0,0,0,0,0,0,0,0,0,0,0,0,0,0,0,0,0,0,0,0,0,0,0
"H_1L_B2",0,109,138,77,0,34,14,16,84,0,8,0,3,7,8,65,0,9,6,0,39,32,0,4,10,0,0,0,48,11,0,1,1,0,19,10,9,0,38,4,0,0,0,0,0,0,9,1,11,0,5,2,0,46,0,0,5,0,0,0,1,16,0,0,0,0,0,0,0,3,1,0,4,0,0,0,9,0,9,0,0,0,0,0,3,0,0,0,0,5,2,0,0,1,0,0,0,0,0,5,0,32,0,3,0,0,1,5,0,1,4,0,0,0,2,1,0,0,0,0,0,2,0,0,0,0,0,0,0,0,0,0,0,0,0,0,0,0,0,0,0,0,0,0,0,0,0,0,0,0,0,0,0,0,0,0,0,0,0,0,0,0,0,0,0,0,0,0,0,0,0,0,1,0,0,0,0,0,0,0,0,0,0,0,0,0,0,0,0,0,0,0,0,0,0,0,0,0,0,0,0,0,0,0,0,0,0,0,0,0,0,0,0,0,0,0,0,0
"H_1R_B2",0,90,167,72,0,33,15,15,135,0,11,0,5,3,20,61,0,30,12,0,63,10,0,2,7,0,0,0,14,11,0,3,8,0,6,19,5,0,33,8,0,0,0,0,0,0,9,0,9,1,5,2,0,0,0,0,1,0,0,0,1,13,0,0,0,1,0,0,0,2,0,0,5,0,0,0,5,0,4,0,0,2,5,0,2,0,0,0,1,1,8,0,0,4,0,0,0,0,0,9,0,1,0,5,0,2,0,1,0,0,5,0,1,0,1,2,0,0,0,0,0,12,0,0,0,0,0,0,0,0,0,0,0,0,0,0,0,0,0,0,0,0,0,0,0,0,0,0,0,0,0,0,1,0,1,0,0,0,3,0,0,0,0,0,0,0,0,0,0,0,0,0,0,0,0,1,0,0,5,0,0,0,0,0,0,0,0,0,1,0,0,0,0,0,0,0,0,0,0,0,0,0,0,0,0,0,0,0,0,0,0,0,1,0,0,0,0,0
"H_NP_B2",5,112,207,84,0,57,17,26,84,0,11,0,10,5,3,46,0,6,7,0,34,39,0,3,11,0,0,0,15,8,0,15,4,0,12,13,8,0,22,0,0,0,0,0,0,0,8,9,5,0,8,4,0,0,4,0,2,0,0,0,1,9,0,0,0,0,0,0,0,2,0,0,2,0,0,0,5,0,6,0,0,4,3,0,7,0,0,0,0,0,3,0,0,1,0,0,3,0,0,2,0,3,0,6,2,0,0,1,0,0,5,0,0,0,2,0,0,0,0,0,0,7,0,0,0,0,0,0,0,0,0,0,0,1,2,0,0,0,0,0,0,0,0,0,1,0,0,0,0,0,0,0,1,0,0,0,0,0,8,0,0,0,0,0,0,0,1,0,0,0,0,1,0,0,0,0,0,0,1,1,0,0,0,0,0,0,0,0,1,0,0,0,0,0,0,0,0,0,0,0,0,0,0,0,0,0,0,0,0,0,0,0,0,0,0,0,0,0
"I_1L_B2",0,1,173,41,0,78,17,25,46,0,10,0,0,2,19,56,0,56,4,0,56,7,1,0,10,0,0,0,93,13,0,12,3,0,7,3,8,0,68,3,0,0,0,0,0,0,6,5,11,1,6,1,0,69,0,0,1,0,0,0,0,7,0,0,0,0,0,0,0,8,0,0,1,1,0,0,6,0,3,0,0,5,2,0,0,0,0,0,2,0,3,0,0,4,0,0,3,0,0,2,0,0,0,3,1,0,2,0,0,0,0,5,0,0,5,1,0,0,0,0,0,0,0,0,0,0,0,0,0,0,0,0,0,0,0,0,0,0,0,1,0,0,0,0,1,0,2,0,0,0,0,0,0,0,0,0,0,0,0,0,0,0,2,0,0,0,1,0,0,0,0,0,0,0,0,0,1,0,0,0,0,0,0,0,0,0,0,0,0,0,0,0,0,0,0,0,0,0,0,0,0,0,3,0,0,0,0,0,0,0,0,0,0,0,0,0,0,0
"I_1R_B2",0,2,175,20,0,13,30,27,64,0,3,0,0,6,7,85,0,101,2,0,40,6,0,0,22,0,0,0,107,9,0,8,1,0,7,7,7,0,70,1,0,0,0,0,0,0,5,17,6,4,3,0,0,60,0,0,4,0,0,0,0,0,0,0,0,1,0,0,0,9,0,0,0,0,0,0,3,0,3,0,0,4,0,0,3,0,0,0,0,0,6,0,0,4,0,0,4,0,0,1,0,1,0,1,1,4,1,2,0,0,2,0,3,0,3,0,0,0,0,0,0,0,0,0,0,0,0,0,0,0,0,0,0,2,0,0,0,1,0,0,0,0,0,0,0,0,0,0,0,0,0,0,0,0,0,0,0,0,1,2,0,0,0,0,0,0,3,0,0,0,0,1,0,0,0,0,0,0,2,0,0,0,0,0,1,0,0,0,1,0,0,0,0,0,0,0,1,0,0,0,0,0,0,0,0,0,0,0,0,0,0,0,0,0,0,0,0,0
"I_NP_B2",1,24,149,21,0,53,27,24,48,0,5,0,1,4,4,58,0,67,4,0,40,8,0,0,8,0,0,0,143,9,0,7,9,0,8,8,6,0,134,1,0,0,0,0,0,0,1,6,4,2,1,5,0,48,0,0,3,0,0,0,0,3,0,0,0,0,0,0,0,3,1,0,0,1,0,0,1,0,5,0,0,3,0,0,3,0,0,0,0,0,4,0,0,1,0,0,0,0,0,0,0,0,0,1,1,2,1,5,0,0,0,0,0,0,0,1,0,0,0,0,0,0,0,0,0,0,0,0,0,0,0,0,0,0,0,0,0,0,0,0,0,0,0,0,0,0,0,0,0,0,0,0,2,0,0,0,2,0,1,1,0,0,1,0,0,0,0,0,0,0,0,1,0,0,0,0,0,0,2,1,0,0,0,0,2,0,0,0,0,0,0,0,0,1,0,0,0,0,0,0,0,0,0,0,0,0,0,0,0,0,0,0,0,0,0,0,0,0
"J_1L_B2",2,1,161,63,0,57,26,60,112,0,11,0,2,1,27,52,0,5,4,0,20,64,0,2,5,0,0,0,2,24,0,8,4,0,9,5,42,0,17,3,0,0,0,0,0,0,6,4,12,0,0,52,0,0,4,0,7,0,0,0,3,12,0,0,0,1,0,0,0,4,0,1,7,0,0,0,4,0,10,0,0,5,4,0,8,0,0,0,1,0,14,0,0,4,0,0,2,0,0,1,0,0,0,0,3,0,2,0,0,0,0,0,2,0,4,3,0,0,1,0,0,0,0,0,0,0,0,0,0,0,0,0,0,1,0,0,0,0,0,0,0,0,0,0,4,0,0,0,0,0,0,0,0,0,0,0,2,0,2,0,7,0,0,0,0,0,0,0,0,0,0,1,1,0,0,0,0,0,0,0,0,0,0,0,0,0,0,0,0,0,0,0,0,0,0,0,1,0,0,0,0,0,0,0,0,0,0,0,0,0,0,0,0,0,0,0,0,0
"J_NP_B2",0,0,163,81,0,59,22,45,77,0,8,0,7,5,5,48,0,57,1,0,50,45,0,1,6,0,0,0,1,19,0,6,5,0,12,17,71,0,0,3,0,0,0,0,0,0,3,24,7,1,0,45,0,0,2,0,6,0,0,0,1,4,0,0,0,0,0,0,0,10,0,1,6,2,0,0,3,0,6,0,0,7,2,0,2,0,0,0,3,1,6,0,0,3,0,0,4,0,0,0,0,0,0,0,2,2,0,2,0,0,0,0,0,0,6,0,0,0,1,0,0,0,2,0,0,0,0,0,0,0,0,0,0,1,0,0,0,0,0,0,0,0,0,0,2,0,0,0,0,0,0,0,2,0,0,0,2,0,0,0,0,0,0,1,2,0,0,0,0,0,0,1,0,0,0,2,0,0,0,0,0,0,0,0,0,0,0,0,0,0,0,0,0,0,0,0,0,1,0,0,0,0,0,0,0,0,0,0,0,0,0,0,0,0,0,0,0,0
"A_1L_ABX2",0,62,0,54,0,40,36,0,62,0,0,91,0,3,0,0,0,1,22,61,0,50,39,0,15,5,21,45,0,17,0,14,15,12,0,5,14,0,0,1,3,0,45,0,1,0,0,0,0,0,0,5,0,0,36,18,5,0,0,2,1,0,22,0,0,0,22,0,0,10,15,0,11,0,22,0,4,0,6,1,0,0,1,12,0,0,0,0,0,0,0,0,6,1,0,2,1,0,0,2,9,0,0,0,2,0,0,1,0,0,0,0,0,5,0,0,0,0,1,9,1,0,0,0,0,0,0,3,0,0,1,0,0,0,0,0,0,0,5,0,1,0,1,0,0,0,0,0,0,0,2,0,2,0,0,0,0,0,0,0,0,0,0,0,0,1,0,0,0,0,0,0,0,0,0,0,0,0,0,0,1,0,0,0,0,0,0,0,0,0,0,2,0,0,0,0,0,0,0,0,0,1,0,0,0,0,0,0,0,0,0,0,0,0,0,0,0,0
"A_1R_ABX2",0,30,0,52,0,184,1,0,89,0,0,74,0,5,0,0,0,2,14,0,0,27,37,0,17,0,17,21,0,12,0,14,7,10,0,11,14,0,0,2,1,0,73,0,0,0,0,0,0,0,0,8,0,0,46,14,8,0,0,3,4,0,53,0,0,0,28,0,0,3,11,3,2,0,10,0,9,0,2,2,0,0,2,15,0,0,0,0,0,0,9,0,0,0,0,0,0,0,0,1,1,0,0,0,0,1,0,0,0,0,0,0,0,3,0,0,0,0,2,0,2,0,0,0,0,0,3,1,0,0,2,0,0,0,0,0,0,0,0,0,1,0,0,0,0,0,0,2,0,0,4,0,0,0,0,0,0,0,0,0,0,0,0,0,0,1,0,0,0,0,6,0,0,0,0,0,0,0,0,2,2,0,0,0,0,0,0,0,1,0,0,0,0,0,0,0,0,0,0,0,0,0,0,0,0,0,3,0,0,0,0,0,0,0,0,0,0,0
"A_NP_ABX2",0,59,0,41,0,184,0,0,134,0,0,80,0,3,0,0,0,3,25,0,0,28,35,0,17,0,8,0,0,10,0,23,3,10,0,2,19,0,0,3,2,0,75,0,2,0,0,0,0,0,0,8,0,0,29,19,5,0,0,2,6,0,50,0,0,0,13,0,0,0,6,1,6,0,6,0,2,0,5,1,0,0,1,2,0,0,0,0,0,0,0,0,1,5,0,1,3,0,0,6,1,0,0,0,0,0,0,2,0,0,0,0,0,1,0,0,0,0,0,3,0,0,0,0,0,0,6,0,0,0,0,0,0,0,3,0,0,0,2,0,0,0,0,0,0,0,0,2,0,0,2,0,1,0,1,0,0,0,0,0,0,0,0,0,0,0,0,0,0,0,8,0,0,0,0,0,0,0,0,3,0,0,0,0,0,0,0,0,0,0,0,1,0,0,0,0,0,0,1,0,0,1,0,0,0,0,1,0,0,0,0,0,0,0,0,0,0,0
"B_1L_ABX2",0,1,0,98,394,38,96,0,18,0,0,111,3,14,0,0,0,7,20,35,0,0,0,12,1,1,14,50,0,0,0,0,26,8,0,0,0,0,0,0,13,0,0,0,3,0,0,0,0,0,0,12,0,0,0,9,0,0,0,0,0,0,0,0,0,0,0,0,0,0,0,0,0,0,0,0,0,0,0,0,9,0,0,0,0,0,0,0,0,0,0,0,1,0,0,0,0,0,0,0,0,0,0,0,0,0,0,0,0,0,0,0,0,0,0,0,0,0,0,0,0,0,0,0,0,0,0,0,0,0,0,0,0,0,0,0,0,0,0,0,0,0,0,0,0,0,0,0,0,0,0,0,0,0,0,0,0,0,0,0,0,2,0,0,0,2,0,0,0,0,0,0,0,0,0,0,0,0,0,0,0,0,0,0,0,0,0,0,0,0,0,0,0,1,0,0,0,0,0,0,0,0,0,0,0,0,0,0,0,0,0,0,0,0,0,0,0,0
"B_1R_ABX2",0,0,0,116,407,14,68,0,23,0,0,108,10,6,1,0,0,2,11,25,0,0,0,2,4,0,36,65,0,3,0,0,45,14,0,0,0,0,0,0,6,0,0,0,1,0,0,0,0,0,0,7,0,0,0,11,0,0,0,0,0,0,0,0,0,0,0,0,0,0,2,0,0,0,0,0,0,0,0,0,3,0,0,0,0,0,0,0,0,0,0,0,4,0,0,6,0,0,0,0,0,0,0,0,0,0,0,0,0,0,0,0,0,0,0,0,0,0,0,0,0,0,0,0,0,0,0,0,0,0,0,0,0,0,0,0,0,0,0,0,0,0,0,0,0,0,0,0,0,0,0,0,0,0,0,0,0,0,0,0,0,0,0,0,0,0,0,0,0,0,0,0,0,0,0,0,0,0,0,0,0,0,0,0,0,0,0,0,0,0,0,0,0,0,0,0,0,0,0,0,0,0,0,0,0,0,0,0,0,0,0,0,0,0,0,0,0,0
"B_NP_ABX2",0,0,0,79,341,86,91,0,6,0,0,95,1,6,5,0,0,3,16,30,0,0,35,8,30,0,11,65,0,0,0,0,17,11,0,0,0,0,0,1,20,0,0,0,4,0,0,0,0,0,0,2,0,0,0,7,0,0,0,0,0,0,0,0,0,0,0,0,0,0,2,0,0,0,0,0,5,0,0,0,10,0,0,0,0,0,0,0,0,0,0,0,1,0,0,10,0,0,0,0,0,0,0,0,0,0,0,0,0,0,0,0,0,0,0,0,0,0,0,0,0,0,0,0,0,0,0,1,0,0,0,0,0,0,0,0,0,0,0,0,0,0,0,0,0,0,0,0,0,0,0,0,0,0,0,0,0,0,0,0,0,0,0,0,0,0,0,0,0,0,0,0,0,0,0,0,0,0,0,0,0,0,0,0,0,0,0,0,0,0,0,0,0,0,0,0,0,0,0,0,0,1,0,0,0,0,0,0,0,0,0,0,0,0,0,0,0,0
"C_1L_ABX2",0,921,0,2,28,6,2,0,0,0,0,8,0,0,0,0,0,0,0,0,0,4,6,5,1,0,0,0,0,2,0,1,3,0,1,1,0,0,0,0,0,0,0,0,0,0,0,0,0,0,0,0,0,0,0,0,0,0,0,0,0,0,0,0,0,0,0,0,0,0,1,0,0,0,0,0,0,0,2,0,1,0,0,0,0,0,0,0,0,0,0,0,0,0,0,0,0,0,0,0,0,0,0,0,0,0,0,0,0,0,0,0,0,0,0,0,0,0,0,0,0,0,0,0,0,0,0,0,0,0,0,0,0,0,0,0,0,0,0,0,0,0,0,0,0,0,0,0,0,0,0,0,0,0,0,0,0,0,0,0,0,0,0,0,0,0,0,0,0,0,0,0,0,0,0,0,0,0,0,0,0,0,0,0,0,0,0,0,0,0,0,0,0,0,0,0,0,0,0,0,0,0,0,0,0,0,0,0,0,0,0,0,0,0,0,0,0,0
"C_1R_ABX2",0,754,0,0,128,25,1,0,0,0,0,2,1,0,0,0,0,0,0,5,0,30,7,0,1,0,0,3,0,11,0,0,0,0,0,0,1,0,0,0,0,0,1,0,0,0,0,0,0,0,0,0,0,0,0,0,0,0,0,1,0,0,0,0,0,0,0,0,0,0,0,4,0,0,0,0,0,0,0,0,14,0,0,0,0,0,0,0,0,0,0,0,0,0,0,0,0,0,0,1,0,0,0,0,0,0,0,0,0,0,0,0,0,0,0,0,0,0,0,0,0,0,0,0,0,0,0,0,0,0,0,0,0,0,0,3,0,1,0,0,0,0,1,0,0,0,0,0,0,0,0,0,0,0,0,0,0,0,0,0,0,0,0,0,0,0,0,0,0,0,0,0,1,0,0,0,0,0,0,0,0,0,0,0,0,0,0,0,0,0,0,0,0,0,0,0,0,0,0,0,0,0,0,0,0,0,0,0,0,0,0,0,0,0,0,0,0,0
"C_NP_ABX2",0,681,0,0,73,11,0,0,3,0,0,6,0,0,0,0,0,0,0,8,0,9,4,7,0,0,173,0,0,4,0,0,0,0,0,2,1,0,0,0,0,0,2,0,0,1,0,0,0,0,0,0,0,0,0,0,1,0,0,0,0,0,0,0,0,0,0,0,0,0,0,2,0,0,0,2,0,0,0,0,0,0,0,0,0,0,0,0,0,0,0,0,0,0,0,0,0,0,0,0,0,0,0,0,0,0,0,0,0,0,0,0,0,0,0,0,0,0,0,0,0,0,0,1,0,0,0,0,0,0,0,0,0,0,0,2,0,0,0,0,0,0,0,0,0,0,0,0,0,0,0,0,0,0,0,0,0,0,0,0,0,0,0,0,0,0,0,6,0,0,0,0,0,0,0,0,0,0,0,0,0,0,0,0,0,0,0,0,0,0,0,0,0,0,0,0,0,0,0,0,0,0,0,0,0,0,0,0,0,0,0,0,0,0,0,0,0,0
"D_1L_ABX2",0,2,0,69,3,0,0,0,0,848,0,2,0,0,0,0,0,0,0,0,0,2,12,45,0,0,0,0,0,0,0,0,2,0,0,0,0,0,0,0,0,0,0,0,0,0,0,0,0,0,0,0,0,0,0,0,0,0,0,1,0,0,0,0,0,0,0,0,0,0,0,0,0,0,0,0,0,0,0,0,11,0,0,0,0,0,0,0,0,0,0,0,0,0,0,0,0,0,0,0,0,0,0,0,0,0,0,0,0,0,0,0,0,0,0,0,0,0,1,0,0,0,0,0,0,0,0,0,0,0,0,0,0,0,0,0,0,0,0,0,0,0,0,0,0,0,0,0,0,0,0,0,0,0,0,0,0,0,0,0,0,0,0,0,0,0,0,0,0,0,0,0,0,0,0,0,0,0,0,0,0,0,0,0,0,0,0,2,0,0,0,0,0,0,0,0,0,0,0,0,0,0,0,0,0,0,0,0,0,0,0,0,0,0,0,0,0,0
"D_1R_ABX2",0,5,0,42,163,23,8,0,0,325,0,34,1,0,0,0,0,0,0,13,0,39,86,58,14,0,1,0,0,1,0,0,26,10,6,12,4,0,0,0,1,0,9,0,0,0,0,0,0,0,0,0,0,0,0,1,3,0,0,19,0,0,0,0,0,0,0,0,0,0,0,7,3,0,0,0,0,0,2,0,40,0,1,0,0,0,0,13,0,0,0,0,2,0,0,1,0,0,0,0,0,0,0,0,0,0,0,1,0,0,0,0,0,0,0,0,0,0,0,0,0,0,0,0,0,0,0,0,0,0,0,0,0,0,0,0,0,0,0,0,2,0,0,1,0,0,0,0,0,0,0,0,0,0,0,0,0,0,0,0,0,0,0,0,1,0,0,0,0,0,0,0,0,0,0,0,0,0,0,0,0,0,0,0,0,0,0,2,0,0,1,0,0,0,0,0,0,0,0,0,0,0,0,0,0,0,0,0,0,0,0,0,0,0,0,0,0,0
"D_NP_ABX2",0,24,0,4,10,0,0,0,0,689,0,0,0,0,0,0,0,0,0,0,0,0,16,53,0,0,178,0,0,0,0,0,6,0,5,0,0,0,0,0,0,0,0,0,0,0,0,0,0,0,0,0,0,0,0,0,1,0,0,6,0,0,0,0,0,0,0,0,0,0,0,0,0,0,0,0,0,0,0,0,0,0,0,0,0,0,0,1,0,0,0,0,0,0,0,0,3,0,0,1,0,0,0,0,0,0,0,0,0,0,0,0,0,0,0,0,0,0,0,0,0,0,0,0,0,0,0,0,0,0,0,0,0,0,0,0,0,0,0,0,0,0,0,0,0,0,0,0,0,0,0,0,0,0,0,0,0,0,0,0,0,0,0,0,0,0,0,0,0,0,0,0,0,0,0,0,0,0,0,0,0,0,0,0,0,0,0,2,0,0,0,0,0,0,0,0,0,0,0,0,0,0,0,0,0,0,0,0,0,0,0,0,0,0,0,0,0,0
"E_1L_ABX2",0,209,0,0,0,0,25,0,0,0,0,0,247,14,0,0,0,0,2,2,0,3,22,33,0,241,0,0,0,0,0,1,0,37,5,0,0,0,0,0,96,0,0,0,47,0,0,0,0,0,0,0,0,0,0,1,0,0,0,6,0,0,0,0,0,0,0,0,0,0,7,0,0,0,0,0,0,0,0,0,0,0,0,0,0,0,0,0,0,0,0,0,0,0,0,0,0,0,0,0,0,0,0,0,0,0,0,0,0,0,0,0,0,0,0,0,0,0,0,0,0,0,0,0,0,0,0,0,0,0,0,0,0,0,0,0,0,0,0,0,0,0,0,0,0,0,0,0,0,0,0,0,0,0,0,0,0,0,0,0,0,0,0,0,0,0,0,0,0,0,0,0,0,0,2,0,0,0,0,0,0,0,0,0,0,0,0,0,0,0,0,0,0,0,0,0,0,0,0,0,0,0,0,0,0,0,0,0,0,0,0,0,0,0,0,0,0,0
"E_1R_ABX2",0,59,0,8,2,0,23,0,4,0,0,14,294,45,0,0,0,0,185,90,0,0,12,9,0,134,0,0,0,0,0,1,0,34,6,0,0,0,0,0,46,0,0,0,14,1,0,0,0,0,0,0,0,0,0,4,0,0,0,2,0,0,0,0,0,0,0,0,0,0,5,0,0,0,0,0,0,0,0,0,0,0,0,0,0,0,0,0,0,0,0,0,0,0,0,0,0,0,0,0,0,0,0,0,0,0,0,0,0,0,0,0,0,0,0,0,0,0,0,0,0,0,0,0,0,0,0,0,0,0,0,0,0,0,0,0,0,0,0,0,0,0,0,0,0,0,0,0,0,0,0,0,0,0,0,0,0,0,0,0,0,0,0,0,0,2,0,0,0,0,0,0,0,0,5,0,0,0,0,0,0,0,0,0,0,0,0,0,0,0,0,0,0,0,0,0,0,0,0,0,0,0,0,0,0,0,0,0,0,0,0,0,0,0,0,0,0,0
"E_2R_ABX2",0,44,0,0,2,0,27,0,0,0,0,0,59,132,0,0,0,0,0,2,0,1,5,10,0,315,0,0,0,0,0,0,0,70,2,0,0,0,0,0,98,0,0,0,211,0,0,0,0,0,0,0,0,0,0,0,0,0,0,8,0,0,0,0,0,0,0,0,0,0,0,0,0,0,0,0,0,0,0,0,0,0,0,0,0,0,0,0,0,0,0,0,0,0,0,1,0,0,0,0,0,0,0,0,0,0,0,0,0,0,0,0,0,0,0,0,0,0,0,0,0,0,0,0,0,0,0,0,0,0,0,0,0,0,0,0,0,0,0,0,0,0,0,0,0,0,0,0,0,0,0,0,0,0,0,0,0,0,0,0,0,0,0,0,0,6,0,0,0,0,0,0,0,0,5,0,0,0,0,0,0,0,0,0,0,0,0,0,0,0,0,0,0,0,0,0,0,0,0,0,0,0,0,0,0,0,0,0,0,0,0,0,0,0,0,0,0,0
"E_NP_ABX2",0,180,0,0,9,0,90,0,3,0,0,11,128,147,0,0,0,0,47,36,0,1,13,5,0,153,0,0,0,0,0,1,0,35,0,0,0,0,0,1,29,0,0,0,91,0,0,0,0,0,0,0,0,0,0,0,0,0,0,3,1,0,0,0,0,0,0,0,0,0,2,0,0,0,0,0,0,0,0,0,0,0,0,0,0,0,0,0,0,0,0,0,0,0,0,0,0,0,0,0,0,0,0,0,0,0,0,0,0,0,0,0,0,0,0,0,0,0,0,0,0,0,0,0,0,0,0,0,0,0,0,10,0,0,0,0,0,0,0,0,0,0,0,1,0,0,0,0,0,0,0,0,0,0,0,0,0,0,0,0,0,0,0,0,0,3,0,0,0,0,0,0,0,0,0,0,0,0,0,0,0,0,0,0,0,0,0,0,0,0,0,0,0,0,0,0,0,0,0,0,0,0,0,0,0,0,0,0,0,0,0,0,0,0,0,0,0,0
"F_1L_ABX2",2,23,186,43,0,31,24,33,55,0,5,0,2,12,7,81,0,65,8,0,59,45,0,0,13,0,0,0,28,15,0,15,3,0,6,19,11,0,3,1,0,0,0,0,0,0,4,28,8,4,0,5,0,0,0,0,10,0,0,0,2,24,0,0,0,0,0,0,0,16,0,0,5,0,0,0,2,0,4,1,0,7,2,0,3,0,0,0,1,1,0,0,0,4,0,0,7,0,0,6,0,0,0,9,3,3,0,1,0,1,3,7,2,0,3,0,0,0,2,0,0,6,2,0,1,0,0,0,0,0,0,0,0,0,0,0,0,0,0,0,0,0,0,0,2,0,0,0,0,0,0,0,0,0,0,0,1,0,0,0,0,0,0,1,0,0,0,0,0,0,0,3,0,0,0,0,0,0,0,0,0,0,0,0,0,0,0,0,0,0,0,0,0,0,0,0,1,0,0,0,0,0,0,0,0,0,0,0,0,0,0,0,0,0,0,0,0,0
"F_1R_ABX2",1,7,210,56,0,66,16,55,63,0,8,0,5,0,36,67,0,59,1,0,59,36,0,1,18,0,0,0,8,29,0,10,14,0,6,13,7,0,7,0,0,0,0,0,0,0,6,11,12,0,0,8,0,0,0,0,8,0,0,0,1,7,0,0,0,0,0,0,0,7,0,0,5,0,0,0,0,0,7,1,0,4,3,0,5,0,0,0,1,0,0,0,0,6,0,1,3,0,0,4,0,2,0,6,8,1,0,0,0,0,0,0,1,0,2,0,0,0,0,0,0,5,1,0,0,0,0,0,0,0,0,0,0,0,0,0,0,0,0,0,0,0,0,0,0,0,0,0,0,0,0,0,0,0,0,0,2,0,0,0,0,0,2,0,0,0,0,0,0,0,0,0,0,0,0,0,0,0,0,0,0,0,0,0,0,0,0,0,2,0,0,0,0,0,0,0,1,0,0,0,0,1,0,0,0,0,0,0,0,0,0,0,0,0,0,0,0,0
"F_NP_ABX2",2,0,241,25,0,99,38,65,66,0,13,0,9,1,26,57,0,16,4,0,68,27,0,1,10,0,0,0,1,25,0,5,11,0,6,17,6,0,0,10,0,0,0,0,0,0,2,9,12,2,0,1,0,0,1,0,7,0,0,0,12,25,0,0,0,0,2,0,0,12,0,0,2,0,0,0,3,0,5,1,0,4,4,0,1,0,0,0,1,5,0,0,0,2,0,3,1,0,0,3,0,0,0,8,5,0,0,0,0,0,0,0,3,0,1,0,0,0,1,0,0,0,0,0,0,0,0,0,0,0,0,0,0,0,0,0,0,1,0,0,0,0,0,0,1,0,0,0,0,0,0,0,0,0,0,0,0,0,0,0,0,0,1,0,0,0,0,0,1,0,0,0,0,0,0,0,0,0,0,1,0,0,0,0,0,0,0,0,0,0,0,0,0,0,0,0,0,0,0,0,0,0,0,0,1,0,0,0,0,0,0,0,0,0,0,0,0,0
"G_1EA_ABX2",289,6,0,47,0,6,32,157,2,0,254,0,0,0,0,49,0,1,0,0,36,13,0,25,3,0,0,0,1,14,0,3,0,0,1,0,5,0,2,0,0,0,0,0,0,0,0,1,17,0,0,1,0,0,0,0,4,12,0,0,2,1,0,0,0,0,0,0,0,0,0,0,0,0,0,0,0,0,0,0,0,1,0,0,0,0,0,0,0,1,0,0,0,0,0,0,1,0,0,0,0,0,0,0,0,0,0,0,0,0,0,0,0,0,1,0,0,0,0,0,0,0,1,0,0,0,0,0,0,0,0,0,0,0,0,0,0,0,0,0,0,0,0,0,2,0,0,0,0,0,0,0,0,0,0,0,0,0,0,0,0,0,0,0,1,0,0,0,0,0,0,1,0,2,0,0,0,0,0,0,0,0,0,0,0,0,0,0,0,0,0,0,0,0,0,0,0,0,0,0,0,0,0,0,0,0,0,0,0,0,0,0,0,0,0,0,0,0
"G_1L_ABX2",326,4,1,73,0,1,0,180,0,0,249,0,0,0,2,14,0,0,0,0,24,1,0,93,2,0,0,0,0,6,0,2,1,0,0,1,1,0,1,0,0,0,0,0,0,0,0,2,0,0,0,0,0,0,0,0,0,6,0,0,0,0,0,0,0,0,0,0,0,0,0,0,0,0,0,0,0,0,0,0,0,2,0,0,0,0,0,0,0,0,0,0,0,0,0,0,0,0,0,2,0,0,0,0,0,0,0,0,0,0,0,0,0,0,1,0,0,0,0,0,0,0,0,0,0,0,0,0,0,0,0,0,0,0,0,0,0,0,0,0,0,0,0,0,0,0,0,0,0,0,0,0,0,0,0,0,0,0,0,0,0,0,0,0,0,0,0,0,0,0,0,0,0,1,0,0,0,0,0,0,0,0,0,0,0,0,0,0,0,0,0,0,0,0,0,0,0,0,0,0,0,0,0,0,0,0,0,0,0,0,0,0,0,0,0,0,0,0
"G_1R_ABX2",321,3,1,39,0,3,14,206,0,0,279,0,0,0,0,20,0,0,0,0,22,7,0,34,1,0,0,0,0,13,0,2,0,0,0,0,1,0,0,0,0,0,0,0,0,0,0,0,13,0,0,1,0,0,0,0,0,4,0,0,1,1,0,0,0,0,0,0,0,0,0,0,0,0,0,0,0,0,0,0,0,2,0,0,0,0,0,0,1,1,0,0,0,0,0,0,0,0,0,0,0,0,0,0,1,0,0,0,0,0,0,0,0,0,1,0,0,0,0,0,0,0,0,0,0,0,0,0,0,0,0,0,0,0,0,0,0,0,0,0,0,0,0,0,1,0,0,0,0,0,0,0,0,0,1,0,0,0,0,0,0,0,0,0,0,0,0,0,0,0,0,0,0,1,0,0,0,0,0,0,0,0,0,0,0,0,0,0,0,0,0,0,0,0,0,0,0,0,0,0,0,0,0,0,0,0,0,0,0,0,0,0,0,0,0,0,0,0
"G_NP_ABX2",302,2,1,102,0,0,0,202,0,0,266,0,0,0,0,18,0,0,0,0,15,2,0,22,1,0,0,0,0,9,0,0,0,0,0,0,2,0,1,0,0,0,0,0,0,0,0,0,0,0,0,0,0,0,0,0,1,50,0,0,0,0,0,0,0,0,0,0,0,0,0,0,0,0,0,0,0,0,0,0,0,1,0,0,0,0,0,0,0,0,0,0,0,0,0,0,2,0,0,0,0,0,0,0,0,0,0,0,0,0,0,0,0,0,0,0,0,0,0,0,0,0,0,0,0,0,0,0,0,0,0,0,0,0,0,0,0,0,0,0,0,0,0,0,0,0,0,0,0,0,0,0,0,0,0,0,0,0,0,0,0,0,0,0,0,0,0,0,0,0,0,0,0,0,0,0,0,0,0,0,0,0,0,0,0,0,0,0,0,0,0,0,0,0,0,0,0,0,0,0,0,0,0,0,0,0,0,0,0,0,0,0,0,0,0,0,0,0
"H_1EA_ABX2",456,389,0,0,0,0,0,0,1,0,0,0,0,0,0,5,83,0,0,0,0,1,0,0,0,0,0,0,7,0,24,0,0,0,0,0,0,0,7,0,0,0,0,0,0,0,0,1,0,0,0,0,0,1,0,0,0,0,0,0,0,0,0,0,0,0,0,0,0,0,0,0,0,0,0,8,0,2,0,0,0,0,0,0,0,0,0,0,0,0,0,0,0,0,0,0,0,0,1,0,0,0,1,0,0,0,0,0,0,0,0,0,0,0,0,0,0,0,0,0,0,0,0,0,0,0,0,0,6,0,0,0,0,0,0,0,0,0,0,0,0,0,0,0,0,0,0,0,0,0,0,0,0,0,0,0,0,0,0,0,0,0,0,0,0,0,0,2,0,0,0,0,0,0,0,0,0,0,0,0,0,0,0,0,0,0,0,0,0,0,0,0,0,0,0,0,0,0,0,0,0,0,0,0,0,0,0,0,0,0,0,0,0,0,0,0,0,0
"H_1L_ABX2",406,414,0,0,0,0,0,0,0,0,0,0,0,0,0,3,92,0,0,0,0,0,0,1,0,0,0,0,1,0,51,0,0,0,0,0,0,0,4,0,0,0,0,0,0,0,0,0,0,0,0,0,0,0,0,0,0,0,0,0,0,0,0,0,16,0,0,0,0,0,0,0,0,0,0,0,0,0,0,0,0,0,0,0,0,0,0,0,0,1,0,0,0,0,0,0,0,0,0,0,0,1,2,0,0,0,0,0,0,0,0,0,0,0,0,0,0,0,0,0,0,0,0,0,0,2,0,0,5,0,0,0,0,0,0,0,0,0,0,0,0,0,0,0,0,0,0,0,0,0,0,0,0,0,0,0,0,0,0,0,0,0,0,0,0,0,0,0,0,0,0,0,0,0,0,0,0,0,0,0,0,0,0,0,0,0,0,0,0,0,0,0,0,0,0,0,0,0,0,0,0,0,0,0,0,0,0,0,0,0,0,0,0,0,0,0,0,0
"H_1R_ABX2",302,373,0,0,0,0,0,0,0,0,1,0,0,0,0,3,227,0,0,0,0,1,0,1,0,0,0,0,36,0,20,0,0,0,3,1,0,0,2,0,0,0,0,0,0,0,0,1,0,1,3,0,0,0,2,0,0,0,0,0,0,0,0,0,0,0,0,0,0,0,0,0,1,0,0,0,0,4,0,0,0,0,0,0,0,0,0,0,0,0,0,0,0,0,0,0,0,0,0,0,0,0,10,0,0,0,0,0,0,0,0,0,0,0,0,0,0,0,0,0,0,0,0,0,0,1,0,0,4,0,0,0,0,0,0,0,0,0,0,0,0,0,0,0,0,0,0,0,0,0,0,0,0,0,0,0,0,0,0,0,0,0,0,0,0,0,0,0,0,0,0,0,0,0,0,0,0,0,0,0,0,0,0,0,0,0,0,0,0,0,0,0,0,0,0,0,0,0,0,0,0,0,0,0,0,0,0,0,0,0,0,0,0,0,0,0,0,0
"H_NP_ABX2",346,343,0,0,0,1,0,0,0,0,0,0,0,0,0,0,145,0,0,0,1,0,0,0,0,0,0,0,11,0,121,0,0,0,2,0,0,0,2,0,0,0,0,0,0,0,0,1,0,0,0,0,0,0,0,0,0,0,0,0,0,0,0,0,0,0,0,0,0,0,0,0,0,0,0,0,0,0,0,0,0,0,0,0,0,0,0,0,1,0,0,0,0,0,0,0,0,0,0,0,0,0,17,0,0,0,0,0,0,0,0,0,0,0,0,0,0,0,0,0,0,0,0,0,0,1,0,0,4,0,0,0,0,0,0,0,0,0,0,0,0,0,0,0,0,0,0,0,0,0,0,0,0,0,0,0,0,0,0,0,0,0,0,0,0,0,0,0,0,0,0,0,0,0,0,0,0,0,0,0,0,0,0,0,0,0,0,0,0,0,0,0,0,0,0,0,0,0,0,0,0,0,0,0,0,0,0,0,0,0,0,0,0,0,0,0,0,0
"I_1L_ABX2",71,0,257,99,0,83,47,0,58,0,45,0,5,0,112,1,9,16,17,0,13,0,0,0,13,0,0,0,0,34,0,18,3,0,0,0,0,0,2,8,0,0,0,0,0,0,11,0,14,0,28,6,0,1,0,0,0,0,0,0,1,0,0,0,0,0,0,0,0,0,0,0,0,1,0,0,1,0,0,0,0,0,0,0,6,0,0,0,0,0,0,0,0,1,0,1,0,0,0,0,0,0,0,0,0,0,0,0,0,0,0,1,3,0,0,5,0,0,0,0,0,0,1,0,0,0,0,0,0,0,0,0,0,0,0,0,0,0,0,0,0,0,0,0,0,0,0,0,0,0,0,0,0,0,0,0,0,0,0,4,0,0,0,0,0,0,0,0,0,0,0,0,0,1,0,0,0,0,0,0,0,0,0,0,1,0,0,0,0,0,0,0,0,0,0,0,0,0,0,0,0,0,0,0,0,0,0,0,0,0,0,0,0,0,0,0,0,0
"I_1R_ABX2",167,0,253,102,0,30,49,0,49,0,11,0,3,7,67,6,3,61,18,0,18,0,0,2,1,0,0,0,2,4,0,6,13,0,1,0,0,0,8,2,0,0,0,0,0,0,11,0,9,0,72,7,0,0,0,0,0,0,0,0,0,0,0,0,0,0,0,0,0,0,0,0,0,1,0,0,5,0,0,0,0,0,0,0,0,0,0,0,0,0,0,0,0,4,0,0,0,0,0,0,0,0,0,0,0,0,0,0,0,0,0,0,5,0,0,0,0,0,0,0,0,0,1,0,0,0,0,0,0,0,0,0,0,0,0,0,0,0,0,0,0,0,0,0,0,0,0,0,0,0,0,1,0,0,0,0,0,0,0,1,0,0,0,0,0,0,0,0,0,0,0,0,0,0,0,0,0,0,0,0,0,0,0,0,0,0,0,0,0,0,0,0,0,0,0,0,0,0,0,0,0,0,0,0,0,0,0,0,0,0,0,0,0,0,0,0,0,0
"I_NP_ABX2",62,0,233,93,0,110,41,0,49,0,26,0,31,2,21,2,3,79,10,0,13,0,0,0,19,0,0,0,2,52,0,37,31,0,0,0,0,0,5,4,0,0,0,0,0,0,12,0,5,0,13,3,0,0,0,0,0,0,0,0,1,0,0,0,0,0,0,0,0,0,1,0,0,1,0,0,7,0,0,0,0,0,0,0,7,0,0,0,0,0,0,0,0,8,0,4,0,0,0,0,0,0,0,0,0,0,1,0,0,0,0,0,1,0,0,4,0,0,0,0,0,0,1,0,0,0,0,0,0,0,0,0,0,0,0,0,0,0,0,0,0,0,0,0,0,0,0,0,0,0,0,0,0,0,0,0,0,0,0,0,0,0,0,0,0,0,0,0,0,0,0,0,0,0,0,0,0,0,0,1,0,0,0,0,4,0,0,0,0,0,0,0,0,0,0,0,0,0,0,0,0,0,0,0,0,0,0,0,0,0,0,0,0,0,0,0,0,0
"J_1L_ABX2",200,0,178,48,0,14,65,0,194,0,4,0,123,28,0,1,0,1,59,0,0,0,0,9,0,0,0,0,0,0,0,0,0,0,0,0,0,0,1,20,0,0,0,0,0,0,28,0,13,0,0,0,0,0,0,0,0,0,0,0,0,0,0,0,0,0,0,0,0,0,2,0,0,4,0,0,0,0,0,0,0,0,0,0,0,0,0,0,0,0,0,0,0,0,0,0,0,0,0,0,0,0,0,0,0,0,0,0,0,0,0,0,0,0,0,1,0,0,0,0,0,0,0,0,0,0,0,0,0,0,0,0,0,0,0,0,0,0,0,0,0,0,0,0,0,0,0,0,0,0,0,0,0,0,0,0,0,0,0,0,0,0,0,0,0,0,0,0,0,0,0,0,0,0,0,2,0,0,0,0,0,0,0,0,0,0,0,0,0,0,0,0,0,0,0,0,0,0,0,0,0,0,0,0,0,0,0,0,0,0,0,0,0,0,0,0,0,0
"J_NP_ABX2",209,0,199,45,0,13,75,0,146,0,0,0,115,8,7,0,7,56,48,0,0,0,0,11,0,0,0,0,0,0,0,0,0,0,0,0,0,0,0,7,0,0,0,0,0,0,17,0,19,0,0,0,0,0,0,0,0,0,0,0,0,0,0,0,0,0,0,0,0,0,1,0,0,3,0,0,0,0,0,0,0,0,0,0,0,0,0,0,0,0,0,0,0,6,0,1,0,0,0,0,0,0,0,0,0,0,0,0,0,0,0,0,0,0,0,5,0,0,0,0,0,0,0,0,0,0,0,0,0,0,0,0,0,0,0,0,0,0,0,0,0,0,0,0,0,0,0,0,0,0,0,0,0,0,0,0,0,0,0,0,0,0,0,0,0,0,0,0,0,0,0,0,0,0,0,0,0,0,0,0,0,0,0,0,0,0,0,0,0,0,0,0,0,0,0,0,0,0,0,0,0,0,0,0,0,0,0,0,0,0,0,0,0,0,0,0,0,0
"A_1L_ABX10",0,33,0,82,0,25,52,0,63,0,0,79,65,3,0,0,0,1,30,67,0,30,1,2,4,10,8,69,0,15,0,12,12,15,0,1,30,0,0,0,2,0,5,0,1,0,0,0,0,0,0,3,0,0,10,20,4,0,0,1,1,0,31,0,0,0,25,0,0,1,9,3,4,0,40,0,4,0,2,0,0,0,0,35,0,0,0,0,0,0,0,0,3,0,0,0,1,0,0,0,2,0,0,0,0,0,0,0,0,0,0,0,0,4,0,0,0,0,0,22,0,0,0,1,0,0,1,6,0,0,3,0,0,0,1,0,0,0,10,0,0,0,0,0,0,0,0,1,0,0,3,0,1,0,0,0,0,0,0,0,0,0,0,1,0,0,0,0,0,0,0,0,0,0,0,0,0,0,0,0,0,0,0,0,0,0,0,0,1,0,0,1,0,0,0,0,0,0,2,0,0,0,0,0,0,0,0,0,0,0,0,0,0,1,0,0,0,0
"A_1R_ABX10",0,36,0,60,0,2,40,0,38,0,0,78,40,1,0,0,0,3,47,75,0,26,8,0,10,18,5,68,0,8,0,2,35,11,0,5,29,0,0,0,5,0,7,0,2,0,0,0,0,0,0,4,0,0,22,18,10,0,0,2,0,0,39,0,0,0,37,0,0,3,2,2,1,0,45,0,0,0,4,1,0,0,2,19,0,0,0,0,0,0,2,0,1,0,0,1,0,0,0,1,19,0,0,0,0,0,0,1,0,0,0,0,0,7,0,0,0,0,0,14,6,0,0,0,0,0,2,7,0,0,2,1,0,0,3,0,0,0,7,0,1,0,0,0,0,0,0,5,0,0,3,0,3,0,0,0,0,0,0,0,0,0,1,0,0,0,0,0,0,0,0,2,0,0,0,1,0,0,0,0,1,0,0,0,0,0,0,0,1,0,0,2,0,0,1,0,0,0,1,0,0,1,0,0,0,0,4,0,0,0,0,0,0,0,0,0,0,0
"A_NP_ABX10",0,91,0,54,0,143,21,0,69,0,0,76,10,4,0,0,0,4,9,13,0,31,12,0,12,16,13,48,0,16,0,9,25,8,0,2,25,0,0,1,2,0,7,0,2,0,0,0,0,0,0,4,0,0,25,14,6,0,0,4,3,0,25,0,0,0,39,0,0,7,14,1,0,0,31,0,2,0,0,1,0,0,0,8,0,0,0,1,1,0,3,0,1,0,0,1,0,0,0,1,17,0,0,2,0,0,0,0,0,0,0,0,0,5,0,0,0,0,0,4,0,0,0,0,0,0,8,2,0,0,0,1,0,0,4,0,0,0,5,0,0,0,0,1,0,0,0,5,0,0,4,0,0,0,0,0,0,0,0,0,0,0,0,0,0,0,0,0,0,0,1,0,0,0,0,1,0,0,0,0,0,0,0,0,0,0,0,0,1,0,0,0,1,1,1,0,0,0,1,0,0,2,0,0,0,0,0,0,0,0,0,0,0,0,0,0,0,0
"B_1L_ABX10",0,0,0,95,308,32,69,0,24,0,0,109,7,9,0,0,0,1,4,22,0,0,54,5,47,0,18,51,0,11,0,0,6,32,26,0,0,0,0,0,5,0,0,0,5,0,0,0,0,0,0,15,0,0,0,17,0,0,0,0,0,0,0,0,0,0,0,0,0,0,6,0,0,0,0,0,5,0,0,0,3,0,0,0,0,0,0,0,0,0,0,0,4,0,0,6,0,0,0,0,0,0,0,0,0,0,0,0,0,0,0,0,0,0,0,0,0,0,0,0,0,0,0,0,0,0,0,0,0,0,0,0,0,0,0,0,0,0,0,0,0,0,0,0,0,0,0,0,0,0,0,0,0,0,0,0,0,0,0,0,0,0,0,0,0,0,0,0,0,0,0,0,0,0,0,0,0,0,0,0,0,0,0,0,0,0,0,0,0,0,0,0,2,0,0,0,0,0,0,0,0,0,0,0,0,0,0,0,0,0,0,0,0,0,0,0,0,0
"B_1R_ABX10",0,0,0,104,316,37,79,0,25,1,0,90,57,9,2,0,0,2,5,27,0,0,32,3,47,0,22,47,0,12,0,0,7,23,10,0,0,0,0,0,3,0,0,0,2,0,0,0,0,0,0,19,0,0,0,8,0,0,0,0,0,0,0,0,0,0,0,0,0,0,4,0,0,0,0,0,1,0,0,0,1,0,0,0,0,0,0,0,0,0,0,0,3,0,0,0,0,0,0,0,0,0,0,0,0,0,0,0,0,0,0,0,0,0,0,0,0,0,0,0,0,0,0,0,0,0,0,0,0,0,0,0,0,0,0,0,0,0,0,0,0,0,0,0,0,0,0,0,0,0,0,0,1,0,0,0,0,0,0,0,0,1,0,0,0,0,0,0,0,0,0,0,0,0,0,0,0,0,0,0,0,0,0,0,0,0,0,0,0,0,0,0,0,0,0,0,0,0,0,0,0,0,0,0,0,0,0,0,0,0,0,0,0,0,0,0,0,0
"B_NP_ABX10",0,0,0,78,323,114,44,0,20,0,0,56,12,16,0,0,0,7,5,34,0,0,45,8,27,3,23,55,0,13,0,0,6,24,14,0,0,0,0,0,14,0,0,0,9,0,0,0,0,0,0,3,0,0,0,17,0,0,0,0,0,0,0,0,0,0,0,0,0,0,0,0,0,0,0,0,11,0,0,0,0,0,0,0,0,0,0,0,0,0,0,0,5,0,0,1,0,0,0,0,0,0,0,0,0,0,0,0,0,0,0,0,0,0,0,0,0,0,0,0,0,0,0,2,0,0,0,2,0,0,0,0,0,0,0,0,0,0,0,0,0,0,0,0,0,0,0,0,0,0,0,0,0,0,0,0,0,0,0,0,0,1,0,0,0,0,0,0,0,0,0,0,0,0,0,0,0,0,0,0,0,0,0,0,0,0,0,0,0,0,0,0,0,2,0,0,0,0,0,0,0,0,0,0,0,0,0,0,0,0,0,0,0,0,0,0,0,0
"C_1L_ABX10",0,624,0,0,0,0,0,0,0,0,0,0,0,0,0,0,0,0,0,0,0,0,0,1,0,0,198,0,0,0,0,0,0,0,0,0,0,0,0,0,0,0,0,0,0,0,0,0,0,0,0,0,0,0,0,0,0,0,0,0,0,0,0,0,0,0,0,0,0,0,0,0,0,0,0,62,0,50,0,0,4,0,0,0,0,0,0,0,0,0,0,0,0,0,0,0,0,0,31,0,0,0,6,0,0,0,0,0,0,0,0,0,0,0,0,0,8,0,0,0,0,0,0,0,0,3,0,0,0,0,0,0,0,0,0,0,9,0,0,0,0,0,0,0,0,0,0,0,0,0,0,0,0,0,0,0,0,0,0,0,0,0,0,0,0,0,0,0,0,0,0,0,0,0,0,0,0,0,0,0,0,0,0,0,0,0,0,0,0,0,0,0,0,0,0,0,0,0,0,0,0,0,0,0,0,0,0,0,0,0,0,0,0,0,0,0,0,0
"C_1R_ABX10",0,552,0,0,0,0,0,0,0,0,0,0,0,0,0,0,0,0,0,0,0,0,1,0,0,0,228,0,0,0,0,0,0,0,0,0,0,0,0,0,0,0,0,0,0,0,0,0,0,0,0,0,0,0,0,0,0,0,0,0,0,0,0,0,0,0,0,0,0,0,0,0,0,0,0,54,0,86,0,0,3,0,0,0,0,0,0,0,0,0,0,0,0,0,0,0,0,0,28,0,0,0,0,0,0,0,0,0,0,0,0,0,0,0,0,0,11,0,0,0,0,0,0,0,0,6,0,0,0,0,0,0,0,0,0,0,16,0,0,0,0,0,0,0,0,0,0,0,0,0,0,0,0,0,0,0,0,0,0,0,0,0,0,0,0,0,0,4,0,0,0,0,0,0,0,0,0,0,0,0,0,0,0,0,0,0,0,0,0,0,0,0,0,0,0,0,0,0,0,0,0,0,0,0,0,0,0,0,0,0,0,0,0,0,0,0,0,0
"C_NP_ABX10",0,600,0,0,0,0,0,0,0,0,0,0,0,0,0,0,0,0,0,0,0,0,0,0,0,0,197,0,0,0,0,0,0,0,0,0,0,0,0,0,0,0,0,0,0,0,0,0,0,0,0,0,0,0,0,0,0,0,0,0,0,0,0,0,0,0,0,0,0,0,0,0,0,0,0,43,0,63,0,0,5,0,0,0,0,0,0,0,0,0,0,0,0,0,0,0,0,0,51,0,0,0,8,0,0,0,0,0,0,0,0,0,0,0,0,0,8,0,0,0,0,0,0,0,0,1,0,0,0,0,0,0,0,0,0,0,18,0,0,0,0,0,0,0,0,0,0,0,0,0,0,0,0,0,0,0,0,0,0,0,0,0,0,0,0,0,0,1,0,0,0,0,0,0,0,0,0,0,0,0,0,0,0,0,0,0,0,0,0,0,0,0,0,0,0,0,0,0,0,0,0,0,0,0,0,0,0,0,0,0,0,0,0,0,0,0,0,0
"D_1L_ABX10",0,0,2,217,439,0,1,0,3,311,0,0,0,3,5,2,0,2,0,0,0,0,0,0,0,0,0,0,0,0,0,1,0,0,0,0,0,0,0,0,0,0,0,0,0,0,0,0,0,0,0,0,0,0,0,0,0,0,0,0,0,0,0,0,0,0,0,2,0,0,0,0,0,1,0,0,0,0,0,0,0,0,0,0,0,0,0,0,0,0,0,0,0,0,1,0,0,0,0,0,0,0,0,0,0,0,0,0,1,0,0,0,0,0,0,0,0,0,0,0,0,0,0,0,0,0,0,0,0,0,0,0,0,0,0,0,0,0,0,1,0,0,0,0,0,0,0,0,0,0,0,0,0,0,0,1,0,0,0,0,0,3,0,0,0,0,0,0,0,0,0,0,0,0,0,0,0,0,0,0,0,0,0,0,0,0,0,1,0,0,0,0,0,0,0,0,0,0,0,0,0,0,0,0,0,0,0,0,0,0,0,0,0,0,0,0,0,0
"D_1R_ABX10",0,0,0,196,453,0,0,0,0,347,0,0,0,0,0,0,0,0,0,0,0,0,0,0,0,0,0,0,0,0,0,0,0,0,0,0,0,0,0,0,0,0,0,0,0,0,0,0,0,0,0,0,0,0,0,0,0,0,0,0,0,0,0,0,0,0,0,0,0,0,0,0,0,0,0,0,0,0,0,0,0,0,0,0,0,0,0,0,0,0,0,0,0,0,0,0,0,0,0,0,0,0,0,0,0,0,0,0,0,0,0,0,0,0,0,0,0,0,0,0,0,0,0,0,0,0,0,0,0,0,0,0,0,0,0,0,0,0,0,0,0,0,0,0,0,0,0,0,0,0,0,0,0,0,0,0,0,0,0,0,0,0,0,0,0,0,0,0,0,0,0,0,0,0,0,0,0,0,0,0,0,0,0,0,0,0,0,2,0,0,0,0,0,0,0,0,0,0,0,0,0,0,0,0,0,0,0,0,0,0,0,0,0,0,0,0,0,0
"D_NP_ABX10",0,1,0,294,161,0,0,0,0,543,0,0,0,0,0,0,0,0,0,0,0,0,1,0,0,0,0,0,0,0,0,0,0,0,0,0,0,0,0,0,0,0,0,0,0,0,0,0,0,0,0,0,0,0,0,0,0,0,0,0,0,0,0,0,0,0,0,0,0,0,0,0,0,0,0,0,0,0,0,0,0,0,0,0,0,0,0,0,0,0,0,0,0,0,0,0,0,0,0,0,0,0,0,0,0,0,0,0,0,0,0,0,0,0,0,0,0,0,0,0,0,0,0,0,0,0,0,0,0,0,0,0,0,0,0,0,0,0,0,0,0,0,0,0,0,0,0,0,0,0,0,0,0,0,0,0,0,0,0,0,0,0,0,0,0,0,0,0,0,0,0,0,0,0,0,0,0,0,0,0,0,0,0,0,0,0,0,0,0,0,0,0,0,0,0,0,0,0,0,0,0,0,0,0,0,0,0,0,0,0,0,0,0,0,0,0,0,0
"E_1L_ABX10",0,4,0,92,181,0,95,0,7,0,0,12,190,32,0,0,0,0,138,172,0,0,0,0,0,10,0,15,0,0,0,0,0,14,0,0,0,0,0,7,11,0,0,0,0,0,0,0,0,0,0,0,0,0,0,3,0,0,0,0,0,0,0,0,0,0,0,0,0,0,7,0,0,0,0,0,0,0,0,0,0,0,0,0,0,0,0,0,0,0,0,0,0,0,0,0,0,0,0,0,0,0,0,0,0,0,0,0,0,0,0,0,0,0,0,0,0,0,0,0,0,0,0,1,0,0,0,3,0,0,0,0,0,0,0,0,0,0,0,0,0,0,0,0,0,0,0,0,0,0,0,0,0,0,0,0,0,0,0,0,0,0,0,0,0,2,0,0,0,0,0,0,0,0,0,0,0,0,0,0,0,0,0,0,0,0,0,0,0,0,0,0,0,0,0,0,0,0,0,0,0,0,0,0,0,0,0,0,0,0,0,0,0,0,0,0,0,0
"E_1R_ABX10",0,3,0,79,215,0,74,0,5,0,0,49,168,19,0,0,0,0,106,171,0,0,0,3,0,11,0,35,0,0,0,0,0,21,0,0,0,0,0,1,21,0,0,0,0,0,0,0,0,0,0,0,0,0,0,4,0,0,0,0,0,0,0,0,0,0,0,0,0,0,5,0,0,0,0,0,0,0,0,0,0,0,0,0,0,0,0,0,0,0,0,0,0,0,0,0,0,0,0,0,0,0,0,0,0,0,0,0,0,0,0,0,0,0,0,0,0,0,0,0,0,0,0,0,0,0,0,3,0,0,0,0,0,0,0,0,0,0,0,0,0,0,0,3,0,0,0,0,0,0,0,0,0,0,0,0,0,0,0,0,0,2,0,0,0,0,0,0,0,0,0,0,0,0,1,0,0,0,0,0,0,0,0,0,0,0,0,0,0,0,0,0,0,0,0,0,0,0,0,0,0,0,0,0,0,0,0,0,0,0,0,0,0,0,0,0,0,0
"E_2R_ABX10",0,0,0,101,238,0,80,0,19,0,0,1,186,29,0,0,0,0,102,194,0,0,0,0,0,11,0,7,0,0,0,0,0,8,0,0,0,0,0,2,14,0,0,0,1,0,0,0,0,0,0,0,0,0,0,2,0,0,0,0,0,0,0,0,0,0,0,0,0,0,4,0,0,0,0,0,0,0,0,0,0,0,0,0,0,0,0,0,0,0,0,0,0,0,0,0,0,0,0,0,0,0,0,0,0,0,0,0,0,0,0,0,0,0,0,0,0,0,0,0,0,0,0,0,0,0,0,0,0,0,0,0,0,0,0,0,0,0,0,0,0,0,0,1,0,0,0,0,0,0,0,0,0,0,0,0,0,0,0,0,0,0,0,0,0,0,0,0,0,0,0,0,0,0,0,0,0,0,0,0,0,0,0,0,0,0,0,0,0,0,0,0,0,0,0,0,0,0,0,0,0,0,0,0,0,0,0,0,0,0,0,0,0,0,0,0,0,0
"E_NP_ABX10",0,21,0,94,254,0,69,0,2,0,0,55,128,14,0,0,0,0,147,117,0,0,2,9,0,4,0,35,0,0,0,0,0,14,1,0,0,0,0,3,7,0,0,0,0,0,0,0,0,0,0,0,0,0,0,5,0,0,0,1,0,0,0,0,0,0,0,0,0,0,4,0,0,0,0,0,0,0,0,0,0,0,0,0,0,0,0,0,0,0,0,0,0,0,0,0,0,0,0,0,0,0,0,0,0,0,0,0,0,0,0,0,0,0,0,0,0,0,0,0,0,0,0,0,0,0,0,0,0,0,0,8,0,0,0,0,0,0,0,0,0,0,0,2,0,0,0,0,0,0,0,0,0,0,0,0,0,0,0,0,0,1,0,0,0,0,0,0,0,0,0,0,0,0,1,0,0,0,0,0,0,0,0,0,0,0,0,0,0,0,0,0,0,0,0,0,0,0,0,0,0,0,0,0,0,0,0,0,0,0,0,0,0,0,0,0,0,0
"F_1L_ABX10",0,94,186,56,0,60,14,23,66,0,7,0,3,0,24,42,0,14,7,0,33,35,0,8,10,0,0,0,58,19,0,6,5,0,1,13,7,0,0,5,0,0,0,0,0,0,5,79,6,0,0,5,0,0,0,0,7,0,0,0,2,18,0,0,0,0,0,0,0,15,1,0,3,0,0,0,4,0,0,3,0,9,6,0,4,0,0,0,0,0,0,0,0,0,0,0,0,0,0,1,0,0,0,4,0,0,0,1,0,0,3,1,1,0,4,0,0,0,4,0,0,4,0,0,0,0,0,0,0,0,0,0,0,0,0,0,0,0,0,0,0,0,0,0,0,0,0,0,0,0,0,0,0,0,0,0,0,0,0,0,0,0,1,2,0,0,0,0,0,0,0,0,0,0,0,0,0,0,0,0,0,0,0,0,1,0,0,0,0,0,0,0,0,0,0,0,0,0,1,0,0,0,0,0,0,0,0,0,0,0,0,0,0,0,0,0,0,0
"F_1R_ABX10",2,15,200,62,0,45,24,40,86,0,6,0,5,8,40,34,0,30,2,0,53,32,0,7,8,0,0,0,63,16,0,1,13,0,9,21,12,0,2,5,0,0,0,0,0,0,10,40,4,0,0,2,0,0,0,0,3,0,0,0,2,9,0,0,0,0,0,0,0,7,0,0,0,3,0,0,1,0,8,0,0,4,6,0,8,0,0,0,0,1,0,0,0,4,0,1,2,0,0,7,0,0,0,10,5,1,0,1,0,0,2,0,1,0,0,0,0,0,0,0,0,0,3,0,0,0,0,0,0,0,0,0,0,0,0,0,0,1,0,0,0,0,0,0,0,0,0,0,0,0,0,0,1,0,0,0,1,0,0,0,1,0,0,2,0,0,0,0,0,0,0,0,0,0,0,0,0,0,0,1,0,0,0,0,0,0,0,0,0,0,0,0,0,0,0,0,0,0,0,0,0,0,0,0,0,0,0,0,0,0,0,0,0,0,0,0,0,0
"F_NP_ABX10",0,22,178,51,0,180,16,56,74,0,22,0,3,5,26,38,1,8,1,0,39,37,0,0,2,0,0,0,22,26,0,6,4,0,7,28,3,0,0,1,0,0,0,0,0,0,10,45,8,1,0,0,0,0,0,0,6,0,0,0,1,15,0,0,0,0,0,0,0,7,0,0,0,3,0,0,2,0,1,0,0,5,2,0,7,0,0,0,1,3,0,0,0,0,0,0,1,0,0,4,0,0,0,0,2,0,0,1,0,0,1,0,1,0,0,0,0,0,1,0,0,0,0,0,0,0,0,0,0,0,0,0,0,2,0,0,0,0,0,0,0,0,0,0,0,0,0,0,0,0,0,0,0,0,0,0,0,0,0,0,0,0,0,0,0,0,0,0,0,0,0,1,1,0,0,0,0,0,0,0,0,0,0,0,0,0,0,0,0,0,0,0,0,0,0,0,0,0,0,0,0,0,0,0,0,0,0,0,0,0,0,0,0,0,0,0,0,0
"G_1EA_ABX10",306,0,0,212,0,0,277,160,0,0,2,0,0,0,0,0,0,0,0,0,0,0,0,18,0,0,0,0,0,0,0,0,0,0,0,0,0,0,0,0,0,0,0,0,0,0,0,0,1,0,0,0,0,0,0,0,0,22,0,0,0,0,0,0,0,0,0,0,0,0,0,0,0,0,0,0,0,0,0,0,0,0,0,0,0,0,0,0,0,0,0,0,0,0,0,0,0,0,0,0,0,0,0,0,0,0,0,0,0,0,0,0,0,0,0,0,0,0,0,0,0,0,0,0,0,0,0,0,0,0,0,0,0,0,0,0,0,0,0,0,0,0,0,0,0,0,0,0,0,0,0,0,0,0,0,0,0,0,0,0,0,0,0,0,0,0,0,0,0,0,0,0,0,0,0,0,0,0,0,0,0,0,0,0,0,0,0,0,0,0,0,0,0,0,0,0,0,0,0,0,0,0,0,0,0,0,0,0,0,0,0,0,0,0,0,0,0,0
"G_1L_ABX10",419,0,0,206,0,0,251,78,0,0,3,0,0,0,0,0,0,0,0,0,0,0,0,35,0,0,0,0,0,0,0,0,0,0,0,0,0,0,0,0,0,0,0,0,0,0,0,0,0,0,0,0,0,0,0,0,0,5,0,0,0,0,0,0,0,0,0,0,0,0,0,0,0,0,0,0,0,0,0,0,0,0,0,0,0,0,0,0,0,0,0,0,0,0,0,0,0,0,0,0,0,0,0,0,0,0,0,0,0,0,0,0,0,0,0,0,0,0,0,0,0,0,0,0,0,0,0,0,0,0,0,0,0,0,0,0,0,0,0,0,0,0,0,0,0,0,0,0,0,0,0,0,0,0,0,0,0,0,0,0,0,0,0,0,0,0,0,0,0,0,0,0,0,1,0,0,0,0,0,0,0,0,0,0,0,0,0,0,0,0,0,0,0,0,0,0,0,0,0,0,0,0,0,0,0,0,0,0,0,0,0,0,0,0,0,0,0,0
"G_1R_ABX10",391,1,0,151,0,0,282,127,0,0,1,0,0,0,0,0,0,0,0,0,0,0,0,23,1,0,0,0,0,0,0,0,0,0,0,0,0,0,0,0,0,0,0,0,0,0,0,0,0,0,0,0,0,0,0,0,0,21,0,0,0,0,0,0,0,0,0,0,0,0,0,0,0,0,0,0,0,0,0,0,0,0,0,0,0,0,0,0,0,0,0,0,0,0,0,0,0,0,0,0,0,0,0,0,0,0,0,0,0,0,0,0,0,0,0,0,0,0,0,0,0,0,0,0,0,0,0,0,0,0,0,0,0,0,0,0,0,0,0,0,0,0,0,0,0,0,0,0,0,0,0,0,0,0,0,0,0,0,0,0,0,0,0,0,0,0,0,0,0,0,0,0,0,1,0,0,0,0,0,0,0,0,0,0,0,0,0,0,0,0,0,0,0,0,0,0,0,0,0,0,0,0,0,0,0,0,0,0,0,0,0,0,0,0,0,0,0,0
"G_NP_ABX10",389,2,0,203,0,0,248,125,0,0,4,0,0,0,0,0,0,0,0,0,0,0,0,22,0,0,0,0,0,0,0,0,0,0,0,0,0,0,0,0,0,0,0,0,0,0,0,0,0,0,0,0,0,0,0,0,0,6,0,0,0,0,0,0,0,0,0,0,0,0,0,0,0,0,0,0,0,0,0,0,0,0,0,0,0,0,0,0,0,0,0,0,0,0,0,0,0,0,0,0,0,0,0,0,0,0,0,0,0,0,0,0,0,0,0,0,0,0,0,0,0,0,0,0,0,0,0,0,0,0,0,0,0,0,0,0,0,0,0,0,0,0,0,0,0,0,0,0,0,0,0,0,0,0,0,0,0,0,0,0,0,0,0,0,0,0,0,0,0,0,0,0,0,0,0,0,0,0,0,0,0,0,0,0,0,0,0,0,0,0,0,0,0,0,0,0,0,0,0,0,0,0,0,0,0,0,0,0,0,0,0,0,0,0,0,0,0,0
"H_1EA_ABX10",318,296,0,0,0,0,0,0,0,0,0,0,0,0,0,0,148,0,0,0,0,0,0,0,0,0,0,0,14,0,53,0,0,0,0,0,0,154,0,0,0,0,0,0,0,0,0,0,0,0,0,0,0,0,0,0,0,0,0,0,0,0,0,0,4,0,0,0,0,0,0,0,0,0,0,1,0,0,0,0,0,0,0,0,0,0,0,0,0,0,0,0,0,0,0,0,0,0,0,0,0,1,3,0,0,0,0,0,0,0,0,0,0,0,0,0,3,0,0,0,0,0,0,0,0,0,0,0,0,0,0,0,0,0,0,0,0,0,0,0,0,0,0,0,0,0,0,0,0,0,0,0,0,0,0,0,0,0,0,0,0,0,0,0,0,0,0,1,0,0,0,0,0,1,0,0,0,0,0,0,0,0,0,0,0,0,0,0,0,0,0,0,0,0,0,0,0,0,0,0,0,0,0,0,0,0,0,0,0,0,0,0,0,0,0,0,0,0
"H_1L_ABX10",303,370,0,0,0,0,0,0,0,0,0,0,0,0,0,0,155,0,0,0,0,0,0,0,0,0,0,0,14,0,62,0,0,0,0,0,0,41,0,0,0,0,0,0,0,0,0,0,0,0,0,0,0,0,0,0,0,0,0,0,0,0,0,0,33,0,0,0,0,0,0,0,0,0,0,5,0,0,0,0,0,0,0,0,0,0,0,0,0,0,0,0,0,0,0,0,0,0,2,0,0,0,2,0,0,0,0,0,0,0,0,0,0,0,0,0,7,0,0,0,0,0,0,0,0,2,0,0,0,0,0,0,0,0,0,0,0,0,0,0,0,0,0,0,0,0,0,0,0,0,0,0,0,0,0,0,0,0,0,0,0,0,0,0,0,0,0,0,0,0,0,0,0,1,0,0,0,0,0,0,0,0,0,0,0,0,0,0,0,0,0,0,0,0,0,0,0,0,0,0,0,0,0,0,0,0,0,0,0,0,0,0,0,0,0,0,0,0
"H_1R_ABX10",297,320,0,0,0,0,0,0,0,0,0,0,0,0,0,0,97,0,0,0,0,0,0,0,0,0,0,0,16,0,124,0,0,0,0,0,0,70,1,0,0,0,0,0,0,0,0,0,0,0,9,0,0,0,0,0,0,0,0,0,0,0,0,0,41,0,0,0,0,0,0,0,0,0,0,0,0,0,0,0,0,0,0,0,0,0,0,0,0,0,0,0,0,0,0,0,0,0,1,0,0,6,2,0,0,0,0,0,0,0,0,0,0,0,0,0,4,0,0,0,0,0,0,0,0,5,0,0,0,0,0,0,0,0,0,0,0,0,0,0,0,0,0,0,0,0,0,0,0,0,0,0,0,0,0,0,0,0,0,0,0,0,0,0,0,0,0,0,0,0,0,0,0,0,0,0,0,0,0,0,0,0,0,0,0,0,0,0,0,0,0,0,0,0,0,0,0,0,0,0,0,0,0,0,0,0,0,0,0,0,0,0,0,0,0,0,0,0
"I_1L_ABX10",35,0,225,117,0,79,34,0,13,0,12,0,19,0,88,40,7,37,23,0,15,0,0,6,61,0,0,0,0,27,0,29,27,0,30,0,0,0,0,0,0,0,0,0,0,0,9,0,4,0,10,0,0,0,0,0,4,0,0,0,15,0,0,0,0,0,5,0,0,0,0,0,0,1,0,0,6,0,0,0,0,0,0,0,2,0,0,0,0,0,0,0,0,0,0,2,0,0,0,0,0,0,0,0,0,0,0,0,0,0,0,2,4,0,0,0,0,0,0,0,0,0,0,0,0,0,0,1,0,0,0,0,0,0,0,0,0,0,0,0,0,0,0,0,0,0,0,0,0,0,0,1,0,0,0,0,0,0,0,0,0,0,0,0,0,0,0,0,0,0,0,0,0,0,0,0,0,0,0,0,0,0,0,0,0,0,0,0,0,0,0,0,0,0,0,0,0,0,0,0,0,0,0,0,0,0,0,0,0,0,0,0,0,0,0,0,0,0
"I_1R_ABX10",27,0,196,90,1,61,43,0,46,0,0,0,20,1,55,5,1,49,22,0,22,0,0,18,95,0,0,0,0,37,0,14,57,0,27,0,0,0,0,0,0,0,0,0,0,0,13,0,4,0,23,1,0,0,0,0,9,0,0,0,20,0,0,0,0,0,1,0,0,0,0,0,0,3,0,0,8,0,0,0,0,0,0,0,11,0,0,0,0,0,0,0,0,3,0,0,0,0,0,0,0,0,0,0,0,0,0,0,0,0,0,0,3,0,1,0,0,0,0,0,0,0,4,0,0,0,0,0,0,0,0,0,0,0,0,0,0,0,0,0,0,0,0,0,0,0,0,0,0,0,0,1,0,0,0,0,0,0,0,1,0,0,0,0,0,0,0,0,0,0,0,0,0,0,0,0,0,0,0,0,0,0,0,0,0,0,0,0,0,0,0,0,0,0,0,0,0,0,0,0,0,0,0,0,0,0,0,0,0,0,0,0,0,0,0,0,0,0
"I_NP_ABX10",24,0,226,94,0,137,34,0,31,0,0,0,16,1,60,0,10,57,21,0,26,0,0,21,106,0,0,0,0,29,0,4,15,0,16,0,0,0,0,6,0,0,0,0,0,0,12,0,3,0,5,0,0,0,0,0,5,0,0,0,7,0,0,0,0,0,1,0,0,7,0,0,0,1,0,0,3,0,0,0,0,0,0,0,6,0,0,0,0,0,0,0,0,4,0,1,0,0,0,0,0,0,0,0,0,0,3,0,0,0,0,0,2,0,0,1,0,0,0,0,0,0,0,0,0,0,0,0,0,0,0,0,0,0,0,0,0,0,0,0,0,0,0,0,0,0,0,0,0,0,0,1,0,0,0,0,0,0,0,0,0,0,0,0,0,0,0,0,0,0,0,0,0,0,0,0,0,0,0,0,0,0,0,0,0,0,0,0,0,0,0,0,0,0,0,0,0,0,0,0,0,0,0,0,0,0,0,0,0,0,0,0,0,0,0,0,0,0
"J_1L_ABX10",305,0,244,83,0,38,46,0,47,0,0,0,70,6,0,0,2,9,54,0,1,0,0,8,0,0,0,0,0,0,1,0,0,0,1,0,0,0,1,63,0,0,0,0,0,0,10,0,1,0,0,1,0,0,0,0,0,0,0,0,0,0,0,0,0,0,0,0,0,0,0,0,0,1,0,0,0,0,0,0,0,0,0,0,0,0,0,0,0,0,0,0,0,0,0,1,0,0,0,0,0,0,0,0,0,0,0,0,0,0,0,0,0,0,0,6,0,0,0,0,0,0,0,0,0,0,0,0,0,0,0,0,0,0,0,0,0,0,0,0,0,0,0,0,0,0,0,0,0,0,0,0,0,0,0,0,0,0,0,0,0,0,0,0,0,0,0,0,0,0,0,0,0,0,0,0,0,0,0,0,0,0,0,0,0,0,0,0,0,0,0,0,0,0,0,0,0,0,0,0,0,0,0,0,0,0,0,0,0,0,0,0,0,0,0,0,0,0
"J_NP_ABX10",190,0,259,104,0,55,40,0,48,0,0,0,62,5,7,0,7,24,49,0,0,0,0,3,0,0,0,0,0,0,0,0,0,0,0,0,0,0,0,123,0,0,0,0,0,0,12,0,1,0,0,0,0,0,0,0,0,0,0,0,0,0,0,0,0,0,0,0,0,0,0,0,0,3,0,0,0,0,0,0,0,0,0,0,0,0,0,0,0,0,0,0,0,1,0,0,0,0,0,0,0,0,0,0,4,0,0,0,0,0,0,0,0,0,0,2,0,0,0,0,0,0,0,0,0,0,0,0,0,0,0,0,0,0,0,0,0,0,0,0,0,0,0,0,0,0,0,0,0,0,0,0,0,0,0,0,0,0,0,0,0,0,0,0,0,0,0,0,0,0,0,0,0,1,0,0,0,0,0,0,0,0,0,0,0,0,0,0,0,0,0,0,0,0,0,0,0,0,0,0,0,0,0,0,0,0,0,0,0,0,0,0,0,0,0,0,0,0
